soc,name,group,employment,projected,growth,change,exits,transfers,annualChange,openings,education,wage,onet,geography,employment_base_year,projection_year,wage_year,retrieved,source_url
11-1021,General and Operations Managers,Management,106314.0,110314.0,3.76,4000.0,2508.0,5836.0,400.0,8744.0,Bachelor's degree,155020.0,11-1021.00,Massachusetts,2024,2034,2025,2026-09-22,https://lmi.dua.eol.mass.gov/lmi/LongTermOccupationProjections/LTOPResultAll?A=01&GA=000025&Cmd=Go&Type=long&Dopt=CSV
11-2011,Advertising and Promotions Managers,Management,483.0,456.0,-5.59,-27.0,11.0,26.0,-3.0,34.0,Bachelor's degree,165890.0,11-2011.00,Massachusetts,2024,2034,2025,2026-09-22,https://lmi.dua.eol.mass.gov/lmi/LongTermOccupationProjections/LTOPResultAll?A=01&GA=000025&Cmd=Go&Type=long&Dopt=CSV
11-2021,Marketing Managers,Management,13876.0,14246.0,2.67,370.0,295.0,764.0,37.0,1096.0,Bachelor's degree,213230.0,11-2021.00,Massachusetts,2024,2034,2025,2026-09-22,https://lmi.dua.eol.mass.gov/lmi/LongTermOccupationProjections/LTOPResultAll?A=01&GA=000025&Cmd=Go&Type=long&Dopt=CSV
11-2022,Sales Managers,Management,14083.0,14407.0,2.3,324.0,324.0,712.0,32.0,1068.0,Bachelor's degree,201180.0,11-2022.00,Massachusetts,2024,2034,2025,2026-09-22,https://lmi.dua.eol.mass.gov/lmi/LongTermOccupationProjections/LTOPResultAll?A=01&GA=000025&Cmd=Go&Type=long&Dopt=CSV
11-2032,Public Relations Managers,Management,2555.0,2636.0,3.17,81.0,60.0,129.0,8.0,197.0,Bachelor's degree,181950.0,11-2032.00,Massachusetts,2024,2034,2025,2026-09-22,https://lmi.dua.eol.mass.gov/lmi/LongTermOccupationProjections/LTOPResultAll?A=01&GA=000025&Cmd=Go&Type=long&Dopt=CSV
11-2033,Fundraising Managers,Management,2020.0,2141.0,5.99,121.0,48.0,103.0,12.0,163.0,Bachelor's degree,165860.0,11-2033.00,Massachusetts,2024,2034,2025,2026-09-22,https://lmi.dua.eol.mass.gov/lmi/LongTermOccupationProjections/LTOPResultAll?A=01&GA=000025&Cmd=Go&Type=long&Dopt=CSV
11-3012,Administrative Services Managers,Management,9420.0,9777.0,3.79,357.0,308.0,451.0,36.0,795.0,Bachelor's degree,128110.0,11-3012.00,Massachusetts,2024,2034,2025,2026-09-22,https://lmi.dua.eol.mass.gov/lmi/LongTermOccupationProjections/LTOPResultAll?A=01&GA=000025&Cmd=Go&Type=long&Dopt=CSV
11-3013,Facilities Managers,Management,5808.0,6053.0,4.22,245.0,222.0,262.0,24.0,508.0,Bachelor's degree,131200.0,11-3013.00,Massachusetts,2024,2034,2025,2026-09-22,https://lmi.dua.eol.mass.gov/lmi/LongTermOccupationProjections/LTOPResultAll?A=01&GA=000025&Cmd=Go&Type=long&Dopt=CSV
11-3021,Computer and Information Systems Managers,Management,25672.0,28089.0,9.41,2417.0,489.0,1211.0,242.0,1942.0,Bachelor's degree,218740.0,11-3021.00,Massachusetts,2024,2034,2025,2026-09-22,https://lmi.dua.eol.mass.gov/lmi/LongTermOccupationProjections/LTOPResultAll?A=01&GA=000025&Cmd=Go&Type=long&Dopt=CSV
11-3031,Financial Managers,Management,28223.0,31441.0,11.4,3218.0,747.0,1226.0,322.0,2295.0,Bachelor's degree,218230.0,11-3031.00,Massachusetts,2024,2034,2025,2026-09-22,https://lmi.dua.eol.mass.gov/lmi/LongTermOccupationProjections/LTOPResultAll?A=01&GA=000025&Cmd=Go&Type=long&Dopt=CSV
11-3051,Industrial Production Managers,Management,5005.0,5119.0,2.28,114.0,121.0,224.0,11.0,356.0,Bachelor's degree,162230.0,11-3051.00,Massachusetts,2024,2034,2025,2026-09-22,https://lmi.dua.eol.mass.gov/lmi/LongTermOccupationProjections/LTOPResultAll?A=01&GA=000025&Cmd=Go&Type=long&Dopt=CSV
11-3061,Purchasing Managers,Management,2353.0,2423.0,2.97,70.0,64.0,109.0,7.0,180.0,Bachelor's degree,179070.0,11-3061.00,Massachusetts,2024,2034,2025,2026-09-22,https://lmi.dua.eol.mass.gov/lmi/LongTermOccupationProjections/LTOPResultAll?A=01&GA=000025&Cmd=Go&Type=long&Dopt=CSV
11-3071,"Transportation, Storage, and Distribution Managers",Management,4303.0,4730.0,9.92,427.0,114.0,234.0,43.0,391.0,High school diploma or equivalent,139330.0,11-3071.00,Massachusetts,2024,2034,2025,2026-09-22,https://lmi.dua.eol.mass.gov/lmi/LongTermOccupationProjections/LTOPResultAll?A=01&GA=000025&Cmd=Go&Type=long&Dopt=CSV
11-3111,Compensation and Benefits Managers,Management,675.0,664.0,-1.63,-11.0,19.0,27.0,-1.0,45.0,Bachelor's degree,196100.0,11-3111.00,Massachusetts,2024,2034,2025,2026-09-22,https://lmi.dua.eol.mass.gov/lmi/LongTermOccupationProjections/LTOPResultAll?A=01&GA=000025&Cmd=Go&Type=long&Dopt=CSV
11-3121,Human Resources Managers,Management,6689.0,6896.0,3.09,207.0,169.0,331.0,21.0,521.0,Bachelor's degree,195110.0,11-3121.00,Massachusetts,2024,2034,2025,2026-09-22,https://lmi.dua.eol.mass.gov/lmi/LongTermOccupationProjections/LTOPResultAll?A=01&GA=000025&Cmd=Go&Type=long&Dopt=CSV
11-3131,Training and Development Managers,Management,1170.0,1209.0,3.33,39.0,29.0,60.0,4.0,93.0,Bachelor's degree,,11-3131.00,Massachusetts,2024,2034,2025,2026-09-22,https://lmi.dua.eol.mass.gov/lmi/LongTermOccupationProjections/LTOPResultAll?A=01&GA=000025&Cmd=Go&Type=long&Dopt=CSV
11-9013,"Farmers, Ranchers, and Other Agricultural Managers",Management,6943.0,7562.0,8.92,619.0,515.0,241.0,62.0,818.0,High school diploma or equivalent,,11-9013.00,Massachusetts,2024,2034,2025,2026-09-22,https://lmi.dua.eol.mass.gov/lmi/LongTermOccupationProjections/LTOPResultAll?A=01&GA=000025&Cmd=Go&Type=long&Dopt=CSV
11-9021,Construction Managers,Management,13732.0,15231.0,10.92,1499.0,356.0,704.0,150.0,1210.0,Bachelor's degree,155900.0,11-9021.00,Massachusetts,2024,2034,2025,2026-09-22,https://lmi.dua.eol.mass.gov/lmi/LongTermOccupationProjections/LTOPResultAll?A=01&GA=000025&Cmd=Go&Type=long&Dopt=CSV
11-9031,"Education and Childcare Administrators, Preschool and Daycar",Management,2276.0,2097.0,-7.86,-179.0,53.0,88.0,-18.0,123.0,Bachelor's degree,72890.0,11-9031.00,Massachusetts,2024,2034,2025,2026-09-22,https://lmi.dua.eol.mass.gov/lmi/LongTermOccupationProjections/LTOPResultAll?A=01&GA=000025&Cmd=Go&Type=long&Dopt=CSV
11-9032,"Education Administrators, Kindergarten through Secondary",Management,10178.0,10392.0,2.1,214.0,249.0,415.0,21.0,685.0,Master's degree,126350.0,11-9032.00,Massachusetts,2024,2034,2025,2026-09-22,https://lmi.dua.eol.mass.gov/lmi/LongTermOccupationProjections/LTOPResultAll?A=01&GA=000025&Cmd=Go&Type=long&Dopt=CSV
11-9033,"Education Administrators, Postsecondary",Management,9385.0,9899.0,5.48,514.0,233.0,389.0,51.0,673.0,Master's degree,144110.0,11-9033.00,Massachusetts,2024,2034,2025,2026-09-22,https://lmi.dua.eol.mass.gov/lmi/LongTermOccupationProjections/LTOPResultAll?A=01&GA=000025&Cmd=Go&Type=long&Dopt=CSV
11-9039,"Education Administrators, All Other",Management,1043.0,1112.0,6.62,69.0,26.0,44.0,7.0,77.0,Bachelor's degree,106670.0,,Massachusetts,2024,2034,2025,2026-09-22,https://lmi.dua.eol.mass.gov/lmi/LongTermOccupationProjections/LTOPResultAll?A=01&GA=000025&Cmd=Go&Type=long&Dopt=CSV
11-9041,Architectural and Engineering Managers,Management,8082.0,8088.0,0.07,6.0,176.0,336.0,1.0,513.0,Bachelor's degree,203040.0,11-9041.00,Massachusetts,2024,2034,2025,2026-09-22,https://lmi.dua.eol.mass.gov/lmi/LongTermOccupationProjections/LTOPResultAll?A=01&GA=000025&Cmd=Go&Type=long&Dopt=CSV
11-9051,Food Service Managers,Management,5628.0,5959.0,5.88,331.0,202.0,430.0,33.0,665.0,High school diploma or equivalent,91810.0,11-9051.00,Massachusetts,2024,2034,2025,2026-09-22,https://lmi.dua.eol.mass.gov/lmi/LongTermOccupationProjections/LTOPResultAll?A=01&GA=000025&Cmd=Go&Type=long&Dopt=CSV
11-9072,"Entertainment And Recreation Managers, Except Gambling",Management,667.0,735.0,10.19,68.0,31.0,50.0,7.0,88.0,Bachelor's degree,94620.0,11-9072.00,Massachusetts,2024,2034,2025,2026-09-22,https://lmi.dua.eol.mass.gov/lmi/LongTermOccupationProjections/LTOPResultAll?A=01&GA=000025&Cmd=Go&Type=long&Dopt=CSV
11-9081,Lodging Managers,Management,627.0,655.0,4.47,28.0,25.0,39.0,3.0,67.0,High school diploma or equivalent,107720.0,11-9081.00,Massachusetts,2024,2034,2025,2026-09-22,https://lmi.dua.eol.mass.gov/lmi/LongTermOccupationProjections/LTOPResultAll?A=01&GA=000025&Cmd=Go&Type=long&Dopt=CSV
11-9111,Medical and Health Services Managers,Management,20321.0,24465.0,20.39,4144.0,586.0,971.0,414.0,1971.0,Bachelor's degree,161150.0,11-9111.00,Massachusetts,2024,2034,2025,2026-09-22,https://lmi.dua.eol.mass.gov/lmi/LongTermOccupationProjections/LTOPResultAll?A=01&GA=000025&Cmd=Go&Type=long&Dopt=CSV
11-9121,Natural Sciences Managers,Management,8740.0,8705.0,-0.4,-35.0,191.0,472.0,-4.0,659.0,Bachelor's degree,257010.0,11-9121.00,Massachusetts,2024,2034,2025,2026-09-22,https://lmi.dua.eol.mass.gov/lmi/LongTermOccupationProjections/LTOPResultAll?A=01&GA=000025&Cmd=Go&Type=long&Dopt=CSV
11-9131,Postmasters and Mail Superintendents,Management,504.0,500.0,-0.79,-4.0,15.0,22.0,0.0,37.0,High school diploma or equivalent,99250.0,11-9131.00,Massachusetts,2024,2034,2025,2026-09-22,https://lmi.dua.eol.mass.gov/lmi/LongTermOccupationProjections/LTOPResultAll?A=01&GA=000025&Cmd=Go&Type=long&Dopt=CSV
11-9141,"Property, Real Estate, and Community Association Managers",Management,8844.0,9126.0,3.19,282.0,383.0,323.0,28.0,734.0,High school diploma or equivalent,112940.0,11-9141.00,Massachusetts,2024,2034,2025,2026-09-22,https://lmi.dua.eol.mass.gov/lmi/LongTermOccupationProjections/LTOPResultAll?A=01&GA=000025&Cmd=Go&Type=long&Dopt=CSV
11-9151,Social and Community Service Managers,Management,8732.0,9270.0,6.16,538.0,274.0,406.0,54.0,734.0,Bachelor's degree,90020.0,11-9151.00,Massachusetts,2024,2034,2025,2026-09-22,https://lmi.dua.eol.mass.gov/lmi/LongTermOccupationProjections/LTOPResultAll?A=01&GA=000025&Cmd=Go&Type=long&Dopt=CSV
11-9161,Emergency Management Directors,Management,184.0,190.0,3.26,6.0,5.0,9.0,1.0,15.0,Bachelor's degree,131520.0,11-9161.00,Massachusetts,2024,2034,2025,2026-09-22,https://lmi.dua.eol.mass.gov/lmi/LongTermOccupationProjections/LTOPResultAll?A=01&GA=000025&Cmd=Go&Type=long&Dopt=CSV
11-9171,Funeral Home Managers,Management,575.0,588.0,2.26,13.0,17.0,26.0,1.0,44.0,Associate's degree,105140.0,11-9171.00,Massachusetts,2024,2034,2025,2026-09-22,https://lmi.dua.eol.mass.gov/lmi/LongTermOccupationProjections/LTOPResultAll?A=01&GA=000025&Cmd=Go&Type=long&Dopt=CSV
11-9179,"Personal Service Managers, All Other",Management,273.0,287.0,5.13,14.0,8.0,12.0,1.0,21.0,High school diploma or equivalent,,,Massachusetts,2024,2034,2025,2026-09-22,https://lmi.dua.eol.mass.gov/lmi/LongTermOccupationProjections/LTOPResultAll?A=01&GA=000025&Cmd=Go&Type=long&Dopt=CSV
11-9199,"Managers, All Other",Management,20436.0,21166.0,3.57,730.0,604.0,932.0,73.0,1609.0,Bachelor's degree,198080.0,,Massachusetts,2024,2034,2025,2026-09-22,https://lmi.dua.eol.mass.gov/lmi/LongTermOccupationProjections/LTOPResultAll?A=01&GA=000025&Cmd=Go&Type=long&Dopt=CSV
13-1020,Buyers and Purchasing Agents,Business & finance,13424.0,14227.0,5.98,803.0,545.0,722.0,80.0,1347.0,Bachelor's degree,94180.0,,Massachusetts,2024,2034,2025,2026-09-22,https://lmi.dua.eol.mass.gov/lmi/LongTermOccupationProjections/LTOPResultAll?A=01&GA=000025&Cmd=Go&Type=long&Dopt=CSV
13-1031,"Claims Adjusters, Examiners, and Investigators",Business & finance,4325.0,3905.0,-9.71,-420.0,104.0,167.0,-42.0,229.0,High school diploma or equivalent,88750.0,13-1031.00,Massachusetts,2024,2034,2025,2026-09-22,https://lmi.dua.eol.mass.gov/lmi/LongTermOccupationProjections/LTOPResultAll?A=01&GA=000025&Cmd=Go&Type=long&Dopt=CSV
13-1032,"Insurance Appraisers, Auto Damage",Business & finance,348.0,305.0,-12.36,-43.0,8.0,13.0,-4.0,17.0,Postsecondary non-degree award,83360.0,13-1032.00,Massachusetts,2024,2034,2025,2026-09-22,https://lmi.dua.eol.mass.gov/lmi/LongTermOccupationProjections/LTOPResultAll?A=01&GA=000025&Cmd=Go&Type=long&Dopt=CSV
13-1041,Compliance Officers,Business & finance,11335.0,11676.0,3.01,341.0,383.0,487.0,34.0,904.0,Bachelor's degree,108310.0,13-1041.00,Massachusetts,2024,2034,2025,2026-09-22,https://lmi.dua.eol.mass.gov/lmi/LongTermOccupationProjections/LTOPResultAll?A=01&GA=000025&Cmd=Go&Type=long&Dopt=CSV
13-1051,Cost Estimators,Business & finance,5250.0,5101.0,-2.84,-149.0,147.0,279.0,-15.0,411.0,Bachelor's degree,104770.0,13-1051.00,Massachusetts,2024,2034,2025,2026-09-22,https://lmi.dua.eol.mass.gov/lmi/LongTermOccupationProjections/LTOPResultAll?A=01&GA=000025&Cmd=Go&Type=long&Dopt=CSV
13-1071,Human Resources Specialists,Business & finance,25246.0,26613.0,5.41,1367.0,737.0,1285.0,137.0,2159.0,Bachelor's degree,95400.0,13-1071.00,Massachusetts,2024,2034,2025,2026-09-22,https://lmi.dua.eol.mass.gov/lmi/LongTermOccupationProjections/LTOPResultAll?A=01&GA=000025&Cmd=Go&Type=long&Dopt=CSV
13-1075,Labor Relations Specialists,Business & finance,1718.0,1763.0,2.62,45.0,50.0,86.0,4.0,140.0,Bachelor's degree,111180.0,13-1075.00,Massachusetts,2024,2034,2025,2026-09-22,https://lmi.dua.eol.mass.gov/lmi/LongTermOccupationProjections/LTOPResultAll?A=01&GA=000025&Cmd=Go&Type=long&Dopt=CSV
13-1081,Logisticians,Business & finance,5735.0,6688.0,16.62,953.0,158.0,376.0,95.0,629.0,Bachelor's degree,106910.0,13-1081.00,Massachusetts,2024,2034,2025,2026-09-22,https://lmi.dua.eol.mass.gov/lmi/LongTermOccupationProjections/LTOPResultAll?A=01&GA=000025&Cmd=Go&Type=long&Dopt=CSV
13-1082,Project Management Specialists,Business & finance,20070.0,20602.0,2.65,532.0,472.0,896.0,53.0,1421.0,Bachelor's degree,120970.0,13-1082.00,Massachusetts,2024,2034,2025,2026-09-22,https://lmi.dua.eol.mass.gov/lmi/LongTermOccupationProjections/LTOPResultAll?A=01&GA=000025&Cmd=Go&Type=long&Dopt=CSV
13-1111,Management Analysts,Business & finance,34473.0,35496.0,2.97,1023.0,1212.0,1552.0,102.0,2866.0,Bachelor's degree,147080.0,13-1111.00,Massachusetts,2024,2034,2025,2026-09-22,https://lmi.dua.eol.mass.gov/lmi/LongTermOccupationProjections/LTOPResultAll?A=01&GA=000025&Cmd=Go&Type=long&Dopt=CSV
13-1121,"Meeting, Convention, and Event Planners",Business & finance,4290.0,4469.0,4.17,179.0,156.0,250.0,18.0,424.0,Bachelor's degree,81710.0,13-1121.00,Massachusetts,2024,2034,2025,2026-09-22,https://lmi.dua.eol.mass.gov/lmi/LongTermOccupationProjections/LTOPResultAll?A=01&GA=000025&Cmd=Go&Type=long&Dopt=CSV
13-1131,Fundraisers,Business & finance,6004.0,6358.0,5.9,354.0,183.0,252.0,35.0,470.0,Bachelor's degree,84270.0,13-1131.00,Massachusetts,2024,2034,2025,2026-09-22,https://lmi.dua.eol.mass.gov/lmi/LongTermOccupationProjections/LTOPResultAll?A=01&GA=000025&Cmd=Go&Type=long&Dopt=CSV
13-1141,"Compensation, Benefits, and Job Analysis Specialists",Business & finance,3112.0,3221.0,3.5,109.0,92.0,137.0,11.0,240.0,Bachelor's degree,104470.0,13-1141.00,Massachusetts,2024,2034,2025,2026-09-22,https://lmi.dua.eol.mass.gov/lmi/LongTermOccupationProjections/LTOPResultAll?A=01&GA=000025&Cmd=Go&Type=long&Dopt=CSV
13-1151,Training and Development Specialists,Business & finance,11999.0,13216.0,10.14,1217.0,378.0,655.0,122.0,1155.0,Bachelor's degree,86070.0,13-1151.00,Massachusetts,2024,2034,2025,2026-09-22,https://lmi.dua.eol.mass.gov/lmi/LongTermOccupationProjections/LTOPResultAll?A=01&GA=000025&Cmd=Go&Type=long&Dopt=CSV
13-1161,Market Research Analysts and Marketing Specialists,Business & finance,39342.0,40638.0,3.29,1296.0,1126.0,2198.0,130.0,3454.0,Bachelor's degree,108600.0,13-1161.00,Massachusetts,2024,2034,2025,2026-09-22,https://lmi.dua.eol.mass.gov/lmi/LongTermOccupationProjections/LTOPResultAll?A=01&GA=000025&Cmd=Go&Type=long&Dopt=CSV
13-1199,"Business Operations Specialists, All Other",Business & finance,19481.0,20259.0,3.99,778.0,679.0,1019.0,78.0,1776.0,Bachelor's degree,98240.0,,Massachusetts,2024,2034,2025,2026-09-22,https://lmi.dua.eol.mass.gov/lmi/LongTermOccupationProjections/LTOPResultAll?A=01&GA=000025&Cmd=Go&Type=long&Dopt=CSV
13-2011,Accountants and Auditors,Business & finance,47501.0,48283.0,1.65,782.0,1471.0,1992.0,78.0,3541.0,Bachelor's degree,107170.0,13-2011.00,Massachusetts,2024,2034,2025,2026-09-22,https://lmi.dua.eol.mass.gov/lmi/LongTermOccupationProjections/LTOPResultAll?A=01&GA=000025&Cmd=Go&Type=long&Dopt=CSV
13-2020,Property Appraisers and Assessors,Business & finance,1386.0,1424.0,2.74,38.0,63.0,44.0,4.0,111.0,Bachelor's degree,96010.0,,Massachusetts,2024,2034,2025,2026-09-22,https://lmi.dua.eol.mass.gov/lmi/LongTermOccupationProjections/LTOPResultAll?A=01&GA=000025&Cmd=Go&Type=long&Dopt=CSV
13-2031,Budget Analysts,Business & finance,1315.0,1363.0,3.65,48.0,30.0,50.0,5.0,85.0,Bachelor's degree,97340.0,13-2031.00,Massachusetts,2024,2034,2025,2026-09-22,https://lmi.dua.eol.mass.gov/lmi/LongTermOccupationProjections/LTOPResultAll?A=01&GA=000025&Cmd=Go&Type=long&Dopt=CSV
13-2041,Credit Analysts,Business & finance,1740.0,1583.0,-9.02,-157.0,31.0,70.0,-16.0,85.0,Bachelor's degree,105580.0,13-2041.00,Massachusetts,2024,2034,2025,2026-09-22,https://lmi.dua.eol.mass.gov/lmi/LongTermOccupationProjections/LTOPResultAll?A=01&GA=000025&Cmd=Go&Type=long&Dopt=CSV
13-2051,Financial and Investment Analysts,Business & finance,18966.0,19360.0,2.08,394.0,399.0,766.0,39.0,1204.0,Bachelor's degree,129680.0,,Massachusetts,2024,2034,2025,2026-09-22,https://lmi.dua.eol.mass.gov/lmi/LongTermOccupationProjections/LTOPResultAll?A=01&GA=000025&Cmd=Go&Type=long&Dopt=CSV
13-2052,Personal Financial Advisors,Business & finance,8883.0,9355.0,5.31,472.0,257.0,302.0,47.0,606.0,Bachelor's degree,172430.0,13-2052.00,Massachusetts,2024,2034,2025,2026-09-22,https://lmi.dua.eol.mass.gov/lmi/LongTermOccupationProjections/LTOPResultAll?A=01&GA=000025&Cmd=Go&Type=long&Dopt=CSV
13-2053,Insurance Underwriters,Business & finance,3510.0,3179.0,-9.43,-331.0,103.0,125.0,-33.0,195.0,Bachelor's degree,114510.0,13-2053.00,Massachusetts,2024,2034,2025,2026-09-22,https://lmi.dua.eol.mass.gov/lmi/LongTermOccupationProjections/LTOPResultAll?A=01&GA=000025&Cmd=Go&Type=long&Dopt=CSV
13-2054,Financial Risk Specialists,Business & finance,1550.0,1566.0,1.03,16.0,44.0,66.0,2.0,112.0,Bachelor's degree,131690.0,,Massachusetts,2024,2034,2025,2026-09-22,https://lmi.dua.eol.mass.gov/lmi/LongTermOccupationProjections/LTOPResultAll?A=01&GA=000025&Cmd=Go&Type=long&Dopt=CSV
13-2061,Financial Examiners,Business & finance,1032.0,1154.0,11.82,122.0,36.0,33.0,12.0,81.0,Bachelor's degree,121700.0,13-2061.00,Massachusetts,2024,2034,2025,2026-09-22,https://lmi.dua.eol.mass.gov/lmi/LongTermOccupationProjections/LTOPResultAll?A=01&GA=000025&Cmd=Go&Type=long&Dopt=CSV
13-2071,Credit Counselors,Business & finance,933.0,961.0,3.0,28.0,25.0,36.0,3.0,64.0,Bachelor's degree,67020.0,13-2071.00,Massachusetts,2024,2034,2025,2026-09-22,https://lmi.dua.eol.mass.gov/lmi/LongTermOccupationProjections/LTOPResultAll?A=01&GA=000025&Cmd=Go&Type=long&Dopt=CSV
13-2072,Loan Officers,Business & finance,4376.0,4216.0,-3.66,-160.0,115.0,165.0,-16.0,264.0,Bachelor's degree,118390.0,13-2072.00,Massachusetts,2024,2034,2025,2026-09-22,https://lmi.dua.eol.mass.gov/lmi/LongTermOccupationProjections/LTOPResultAll?A=01&GA=000025&Cmd=Go&Type=long&Dopt=CSV
13-2081,"Tax Examiners and Collectors, and Revenue Agents",Business & finance,947.0,966.0,2.01,19.0,35.0,39.0,2.0,76.0,Bachelor's degree,83490.0,13-2081.00,Massachusetts,2024,2034,2025,2026-09-22,https://lmi.dua.eol.mass.gov/lmi/LongTermOccupationProjections/LTOPResultAll?A=01&GA=000025&Cmd=Go&Type=long&Dopt=CSV
13-2082,Tax Preparers,Business & finance,2121.0,2060.0,-2.88,-61.0,107.0,118.0,-6.0,219.0,High school diploma or equivalent,58230.0,13-2082.00,Massachusetts,2024,2034,2025,2026-09-22,https://lmi.dua.eol.mass.gov/lmi/LongTermOccupationProjections/LTOPResultAll?A=01&GA=000025&Cmd=Go&Type=long&Dopt=CSV
13-2099,"Financial Specialists, All Other",Business & finance,2777.0,2834.0,2.05,57.0,80.0,118.0,6.0,204.0,Bachelor's degree,102670.0,,Massachusetts,2024,2034,2025,2026-09-22,https://lmi.dua.eol.mass.gov/lmi/LongTermOccupationProjections/LTOPResultAll?A=01&GA=000025&Cmd=Go&Type=long&Dopt=CSV
15-1211,Computer Systems Analysts,Computer & mathematics,17067.0,17810.0,4.35,743.0,444.0,508.0,74.0,1026.0,Bachelor's degree,128440.0,15-1211.00,Massachusetts,2024,2034,2025,2026-09-22,https://lmi.dua.eol.mass.gov/lmi/LongTermOccupationProjections/LTOPResultAll?A=01&GA=000025&Cmd=Go&Type=long&Dopt=CSV
15-1212,Information Security Analysts,Computer & mathematics,5789.0,6969.0,20.38,1180.0,114.0,215.0,118.0,447.0,Bachelor's degree,151000.0,15-1212.00,Massachusetts,2024,2034,2025,2026-09-22,https://lmi.dua.eol.mass.gov/lmi/LongTermOccupationProjections/LTOPResultAll?A=01&GA=000025&Cmd=Go&Type=long&Dopt=CSV
15-1221,Computer and Information Research Scientists,Computer & mathematics,1750.0,2021.0,15.49,271.0,32.0,70.0,27.0,129.0,Master's degree,170470.0,15-1221.00,Massachusetts,2024,2034,2025,2026-09-22,https://lmi.dua.eol.mass.gov/lmi/LongTermOccupationProjections/LTOPResultAll?A=01&GA=000025&Cmd=Go&Type=long&Dopt=CSV
15-1231,Computer Network Support Specialists,Computer & mathematics,2262.0,2303.0,1.81,41.0,55.0,84.0,4.0,143.0,Associate's degree,94110.0,15-1231.00,Massachusetts,2024,2034,2025,2026-09-22,https://lmi.dua.eol.mass.gov/lmi/LongTermOccupationProjections/LTOPResultAll?A=01&GA=000025&Cmd=Go&Type=long&Dopt=CSV
15-1232,Computer User Support Specialists,Computer & mathematics,19817.0,18661.0,-5.83,-1156.0,464.0,706.0,-116.0,1054.0,"Some college, no degree",76460.0,15-1232.00,Massachusetts,2024,2034,2025,2026-09-22,https://lmi.dua.eol.mass.gov/lmi/LongTermOccupationProjections/LTOPResultAll?A=01&GA=000025&Cmd=Go&Type=long&Dopt=CSV
15-1241,Computer Network Architects,Computer & mathematics,5303.0,5696.0,7.41,393.0,93.0,169.0,39.0,301.0,Bachelor's degree,151770.0,15-1241.00,Massachusetts,2024,2034,2025,2026-09-22,https://lmi.dua.eol.mass.gov/lmi/LongTermOccupationProjections/LTOPResultAll?A=01&GA=000025&Cmd=Go&Type=long&Dopt=CSV
15-1242,Database Administrators,Computer & mathematics,1947.0,1875.0,-3.7,-72.0,40.0,54.0,-7.0,87.0,Bachelor's degree,126790.0,15-1242.00,Massachusetts,2024,2034,2025,2026-09-22,https://lmi.dua.eol.mass.gov/lmi/LongTermOccupationProjections/LTOPResultAll?A=01&GA=000025&Cmd=Go&Type=long&Dopt=CSV
15-1243,Database Architects,Computer & mathematics,1729.0,1778.0,2.83,49.0,37.0,50.0,5.0,92.0,Bachelor's degree,163290.0,15-1243.00,Massachusetts,2024,2034,2025,2026-09-22,https://lmi.dua.eol.mass.gov/lmi/LongTermOccupationProjections/LTOPResultAll?A=01&GA=000025&Cmd=Go&Type=long&Dopt=CSV
15-1244,Network and Computer Systems Administrators,Computer & mathematics,7399.0,6938.0,-6.23,-461.0,136.0,211.0,-46.0,301.0,Bachelor's degree,118240.0,15-1244.00,Massachusetts,2024,2034,2025,2026-09-22,https://lmi.dua.eol.mass.gov/lmi/LongTermOccupationProjections/LTOPResultAll?A=01&GA=000025&Cmd=Go&Type=long&Dopt=CSV
15-1251,Computer Programmers,Computer & mathematics,3455.0,3173.0,-8.16,-282.0,74.0,101.0,-28.0,147.0,Bachelor's degree,127520.0,15-1251.00,Massachusetts,2024,2034,2025,2026-09-22,https://lmi.dua.eol.mass.gov/lmi/LongTermOccupationProjections/LTOPResultAll?A=01&GA=000025&Cmd=Go&Type=long&Dopt=CSV
15-1252,Software Developers,Computer & mathematics,54679.0,58894.0,7.71,4215.0,955.0,1792.0,422.0,3169.0,Bachelor's degree,161730.0,15-1252.00,Massachusetts,2024,2034,2025,2026-09-22,https://lmi.dua.eol.mass.gov/lmi/LongTermOccupationProjections/LTOPResultAll?A=01&GA=000025&Cmd=Go&Type=long&Dopt=CSV
15-1253,Software Quality Assurance Analysts and Testers,Computer & mathematics,7609.0,7883.0,3.6,274.0,183.0,257.0,27.0,467.0,Bachelor's degree,117270.0,15-1253.00,Massachusetts,2024,2034,2025,2026-09-22,https://lmi.dua.eol.mass.gov/lmi/LongTermOccupationProjections/LTOPResultAll?A=01&GA=000025&Cmd=Go&Type=long&Dopt=CSV
15-1254,Web Developers,Computer & mathematics,2137.0,2206.0,3.23,69.0,40.0,76.0,7.0,123.0,Bachelor's degree,108520.0,15-1254.00,Massachusetts,2024,2034,2025,2026-09-22,https://lmi.dua.eol.mass.gov/lmi/LongTermOccupationProjections/LTOPResultAll?A=01&GA=000025&Cmd=Go&Type=long&Dopt=CSV
15-1255,Web and Digital Interface Designers,Computer & mathematics,2958.0,3023.0,2.2,65.0,72.0,110.0,6.0,188.0,Bachelor's degree,121470.0,15-1255.00,Massachusetts,2024,2034,2025,2026-09-22,https://lmi.dua.eol.mass.gov/lmi/LongTermOccupationProjections/LTOPResultAll?A=01&GA=000025&Cmd=Go&Type=long&Dopt=CSV
15-1299,"Computer Occupations, All Other",Computer & mathematics,5957.0,6185.0,3.83,228.0,142.0,197.0,23.0,362.0,Bachelor's degree,119020.0,,Massachusetts,2024,2034,2025,2026-09-22,https://lmi.dua.eol.mass.gov/lmi/LongTermOccupationProjections/LTOPResultAll?A=01&GA=000025&Cmd=Go&Type=long&Dopt=CSV
15-2011,Actuaries,Computer & mathematics,1558.0,1771.0,13.67,213.0,29.0,43.0,21.0,93.0,Bachelor's degree,130710.0,15-2011.00,Massachusetts,2024,2034,2025,2026-09-22,https://lmi.dua.eol.mass.gov/lmi/LongTermOccupationProjections/LTOPResultAll?A=01&GA=000025&Cmd=Go&Type=long&Dopt=CSV
15-2031,Operations Research Analysts,Computer & mathematics,4746.0,5535.0,16.62,789.0,160.0,136.0,79.0,375.0,Bachelor's degree,104450.0,15-2031.00,Massachusetts,2024,2034,2025,2026-09-22,https://lmi.dua.eol.mass.gov/lmi/LongTermOccupationProjections/LTOPResultAll?A=01&GA=000025&Cmd=Go&Type=long&Dopt=CSV
15-2041,Statisticians,Computer & mathematics,2004.0,2149.0,7.24,145.0,42.0,67.0,14.0,123.0,Master's degree,114210.0,15-2041.00,Massachusetts,2024,2034,2025,2026-09-22,https://lmi.dua.eol.mass.gov/lmi/LongTermOccupationProjections/LTOPResultAll?A=01&GA=000025&Cmd=Go&Type=long&Dopt=CSV
15-2051,Data Scientists,Computer & mathematics,10151.0,12757.0,25.67,2606.0,231.0,372.0,261.0,864.0,Bachelor's degree,136460.0,15-2051.00,Massachusetts,2024,2034,2025,2026-09-22,https://lmi.dua.eol.mass.gov/lmi/LongTermOccupationProjections/LTOPResultAll?A=01&GA=000025&Cmd=Go&Type=long&Dopt=CSV
17-1011,"Architects, Except Landscape and Naval",Architecture & engineering,5307.0,5232.0,-1.41,-75.0,131.0,174.0,-8.0,297.0,Bachelor's degree,119100.0,17-1011.00,Massachusetts,2024,2034,2025,2026-09-22,https://lmi.dua.eol.mass.gov/lmi/LongTermOccupationProjections/LTOPResultAll?A=01&GA=000025&Cmd=Go&Type=long&Dopt=CSV
17-1012,Landscape Architects,Architecture & engineering,494.0,482.0,-2.43,-12.0,16.0,20.0,-1.0,35.0,Bachelor's degree,90630.0,17-1012.00,Massachusetts,2024,2034,2025,2026-09-22,https://lmi.dua.eol.mass.gov/lmi/LongTermOccupationProjections/LTOPResultAll?A=01&GA=000025&Cmd=Go&Type=long&Dopt=CSV
17-1021,Cartographers and Photogrammetrists,Architecture & engineering,124.0,130.0,4.84,6.0,4.0,4.0,1.0,9.0,Bachelor's degree,101430.0,17-1021.00,Massachusetts,2024,2034,2025,2026-09-22,https://lmi.dua.eol.mass.gov/lmi/LongTermOccupationProjections/LTOPResultAll?A=01&GA=000025&Cmd=Go&Type=long&Dopt=CSV
17-1022,Surveyors,Architecture & engineering,1878.0,1843.0,-1.86,-35.0,63.0,57.0,-4.0,116.0,Bachelor's degree,92110.0,17-1022.00,Massachusetts,2024,2034,2025,2026-09-22,https://lmi.dua.eol.mass.gov/lmi/LongTermOccupationProjections/LTOPResultAll?A=01&GA=000025&Cmd=Go&Type=long&Dopt=CSV
17-2011,Aerospace Engineers,Architecture & engineering,979.0,1036.0,5.82,57.0,24.0,31.0,6.0,61.0,Bachelor's degree,145810.0,17-2011.00,Massachusetts,2024,2034,2025,2026-09-22,https://lmi.dua.eol.mass.gov/lmi/LongTermOccupationProjections/LTOPResultAll?A=01&GA=000025&Cmd=Go&Type=long&Dopt=CSV
17-2031,Bioengineers and Biomedical Engineers,Architecture & engineering,3795.0,3824.0,0.76,29.0,76.0,130.0,3.0,209.0,Bachelor's degree,126700.0,17-2031.00,Massachusetts,2024,2034,2025,2026-09-22,https://lmi.dua.eol.mass.gov/lmi/LongTermOccupationProjections/LTOPResultAll?A=01&GA=000025&Cmd=Go&Type=long&Dopt=CSV
17-2041,Chemical Engineers,Architecture & engineering,1138.0,1155.0,1.49,17.0,19.0,36.0,2.0,57.0,Bachelor's degree,118170.0,17-2041.00,Massachusetts,2024,2034,2025,2026-09-22,https://lmi.dua.eol.mass.gov/lmi/LongTermOccupationProjections/LTOPResultAll?A=01&GA=000025&Cmd=Go&Type=long&Dopt=CSV
17-2051,Civil Engineers,Architecture & engineering,9718.0,9914.0,2.02,196.0,202.0,363.0,20.0,585.0,Bachelor's degree,117330.0,17-2051.00,Massachusetts,2024,2034,2025,2026-09-22,https://lmi.dua.eol.mass.gov/lmi/LongTermOccupationProjections/LTOPResultAll?A=01&GA=000025&Cmd=Go&Type=long&Dopt=CSV
17-2061,Computer Hardware Engineers,Architecture & engineering,3326.0,3371.0,1.35,45.0,68.0,108.0,4.0,180.0,Bachelor's degree,177030.0,17-2061.00,Massachusetts,2024,2034,2025,2026-09-22,https://lmi.dua.eol.mass.gov/lmi/LongTermOccupationProjections/LTOPResultAll?A=01&GA=000025&Cmd=Go&Type=long&Dopt=CSV
17-2071,Electrical Engineers,Architecture & engineering,4771.0,4945.0,3.65,174.0,108.0,145.0,17.0,270.0,Bachelor's degree,130190.0,17-2071.00,Massachusetts,2024,2034,2025,2026-09-22,https://lmi.dua.eol.mass.gov/lmi/LongTermOccupationProjections/LTOPResultAll?A=01&GA=000025&Cmd=Go&Type=long&Dopt=CSV
17-2072,"Electronics Engineers, Except Computer",Architecture & engineering,5564.0,5558.0,-0.11,-6.0,124.0,166.0,-1.0,289.0,Bachelor's degree,151960.0,17-2072.00,Massachusetts,2024,2034,2025,2026-09-22,https://lmi.dua.eol.mass.gov/lmi/LongTermOccupationProjections/LTOPResultAll?A=01&GA=000025&Cmd=Go&Type=long&Dopt=CSV
17-2081,Environmental Engineers,Architecture & engineering,1396.0,1409.0,0.93,13.0,44.0,54.0,1.0,99.0,Bachelor's degree,119180.0,17-2081.00,Massachusetts,2024,2034,2025,2026-09-22,https://lmi.dua.eol.mass.gov/lmi/LongTermOccupationProjections/LTOPResultAll?A=01&GA=000025&Cmd=Go&Type=long&Dopt=CSV
17-2111,"Health and Safety Engineers, Except Mining Safety Engineers ",Architecture & engineering,581.0,583.0,0.34,2.0,13.0,21.0,0.0,34.0,Bachelor's degree,143720.0,17-2111.00,Massachusetts,2024,2034,2025,2026-09-22,https://lmi.dua.eol.mass.gov/lmi/LongTermOccupationProjections/LTOPResultAll?A=01&GA=000025&Cmd=Go&Type=long&Dopt=CSV
17-2112,Industrial Engineers,Architecture & engineering,10507.0,11379.0,8.3,872.0,237.0,395.0,87.0,719.0,Bachelor's degree,117540.0,17-2112.00,Massachusetts,2024,2034,2025,2026-09-22,https://lmi.dua.eol.mass.gov/lmi/LongTermOccupationProjections/LTOPResultAll?A=01&GA=000025&Cmd=Go&Type=long&Dopt=CSV
17-2131,Materials Engineers,Architecture & engineering,1051.0,1086.0,3.33,35.0,27.0,33.0,4.0,64.0,Bachelor's degree,120350.0,17-2131.00,Massachusetts,2024,2034,2025,2026-09-22,https://lmi.dua.eol.mass.gov/lmi/LongTermOccupationProjections/LTOPResultAll?A=01&GA=000025&Cmd=Go&Type=long&Dopt=CSV
17-2141,Mechanical Engineers,Architecture & engineering,9419.0,9917.0,5.29,498.0,183.0,305.0,50.0,538.0,Bachelor's degree,121430.0,17-2141.00,Massachusetts,2024,2034,2025,2026-09-22,https://lmi.dua.eol.mass.gov/lmi/LongTermOccupationProjections/LTOPResultAll?A=01&GA=000025&Cmd=Go&Type=long&Dopt=CSV
17-2161,Nuclear Engineers,Architecture & engineering,123.0,122.0,-0.81,-1.0,3.0,4.0,0.0,7.0,Bachelor's degree,134020.0,17-2161.00,Massachusetts,2024,2034,2025,2026-09-22,https://lmi.dua.eol.mass.gov/lmi/LongTermOccupationProjections/LTOPResultAll?A=01&GA=000025&Cmd=Go&Type=long&Dopt=CSV
17-2199,"Engineers, All Other",Architecture & engineering,2667.0,2678.0,0.41,11.0,62.0,88.0,1.0,151.0,Bachelor's degree,134140.0,,Massachusetts,2024,2034,2025,2026-09-22,https://lmi.dua.eol.mass.gov/lmi/LongTermOccupationProjections/LTOPResultAll?A=01&GA=000025&Cmd=Go&Type=long&Dopt=CSV
17-3011,Architectural and Civil Drafters,Architecture & engineering,2733.0,2690.0,-1.57,-43.0,103.0,125.0,-4.0,224.0,Associate's degree,77110.0,17-3011.00,Massachusetts,2024,2034,2025,2026-09-22,https://lmi.dua.eol.mass.gov/lmi/LongTermOccupationProjections/LTOPResultAll?A=01&GA=000025&Cmd=Go&Type=long&Dopt=CSV
17-3012,Electrical and Electronics Drafters,Architecture & engineering,627.0,598.0,-4.63,-29.0,21.0,31.0,-3.0,49.0,Associate's degree,85060.0,17-3012.00,Massachusetts,2024,2034,2025,2026-09-22,https://lmi.dua.eol.mass.gov/lmi/LongTermOccupationProjections/LTOPResultAll?A=01&GA=000025&Cmd=Go&Type=long&Dopt=CSV
17-3013,Mechanical Drafters,Architecture & engineering,887.0,815.0,-8.12,-72.0,29.0,44.0,-7.0,66.0,Associate's degree,79060.0,17-3013.00,Massachusetts,2024,2034,2025,2026-09-22,https://lmi.dua.eol.mass.gov/lmi/LongTermOccupationProjections/LTOPResultAll?A=01&GA=000025&Cmd=Go&Type=long&Dopt=CSV
17-3019,"Drafters, All Other",Architecture & engineering,123.0,115.0,-6.5,-8.0,4.0,6.0,-1.0,9.0,Associate's degree,72180.0,,Massachusetts,2024,2034,2025,2026-09-22,https://lmi.dua.eol.mass.gov/lmi/LongTermOccupationProjections/LTOPResultAll?A=01&GA=000025&Cmd=Go&Type=long&Dopt=CSV
17-3022,Civil Engineering Technologists and Technicians,Architecture & engineering,1053.0,998.0,-5.22,-55.0,33.0,52.0,-6.0,79.0,Associate's degree,74120.0,17-3022.00,Massachusetts,2024,2034,2025,2026-09-22,https://lmi.dua.eol.mass.gov/lmi/LongTermOccupationProjections/LTOPResultAll?A=01&GA=000025&Cmd=Go&Type=long&Dopt=CSV
17-3023,Electrical and Electronics Engineering Technologists and Tec,Architecture & engineering,3913.0,3780.0,-3.4,-133.0,148.0,193.0,-13.0,328.0,Associate's degree,79000.0,17-3023.00,Massachusetts,2024,2034,2025,2026-09-22,https://lmi.dua.eol.mass.gov/lmi/LongTermOccupationProjections/LTOPResultAll?A=01&GA=000025&Cmd=Go&Type=long&Dopt=CSV
17-3024,Electro-Mechanical and Mechatronics Technologists and Techni,Architecture & engineering,1085.0,1060.0,-2.3,-25.0,34.0,54.0,-2.0,86.0,Associate's degree,75050.0,17-3024.00,Massachusetts,2024,2034,2025,2026-09-22,https://lmi.dua.eol.mass.gov/lmi/LongTermOccupationProjections/LTOPResultAll?A=01&GA=000025&Cmd=Go&Type=long&Dopt=CSV
17-3025,Environmental Engineering Technologists and Technicians,Architecture & engineering,226.0,222.0,-1.77,-4.0,7.0,11.0,0.0,18.0,Associate's degree,67340.0,17-3025.00,Massachusetts,2024,2034,2025,2026-09-22,https://lmi.dua.eol.mass.gov/lmi/LongTermOccupationProjections/LTOPResultAll?A=01&GA=000025&Cmd=Go&Type=long&Dopt=CSV
17-3026,Industrial Engineering Technologists and Technicians,Architecture & engineering,1960.0,1979.0,0.97,19.0,63.0,99.0,2.0,164.0,Associate's degree,70470.0,17-3026.00,Massachusetts,2024,2034,2025,2026-09-22,https://lmi.dua.eol.mass.gov/lmi/LongTermOccupationProjections/LTOPResultAll?A=01&GA=000025&Cmd=Go&Type=long&Dopt=CSV
17-3027,Mechanical Engineering Technologists and Technicians,Architecture & engineering,727.0,704.0,-3.16,-23.0,23.0,36.0,-2.0,57.0,Associate's degree,71030.0,17-3027.00,Massachusetts,2024,2034,2025,2026-09-22,https://lmi.dua.eol.mass.gov/lmi/LongTermOccupationProjections/LTOPResultAll?A=01&GA=000025&Cmd=Go&Type=long&Dopt=CSV
17-3028,Calibration Technologists and Technicians,Architecture & engineering,316.0,310.0,-1.9,-6.0,10.0,16.0,-1.0,25.0,Associate's degree,74020.0,,Massachusetts,2024,2034,2025,2026-09-22,https://lmi.dua.eol.mass.gov/lmi/LongTermOccupationProjections/LTOPResultAll?A=01&GA=000025&Cmd=Go&Type=long&Dopt=CSV
17-3029,"Engineering Technologists and Technicians, Except Drafters, ",Architecture & engineering,1048.0,1042.0,-0.57,-6.0,34.0,53.0,-1.0,86.0,Associate's degree,70620.0,,Massachusetts,2024,2034,2025,2026-09-22,https://lmi.dua.eol.mass.gov/lmi/LongTermOccupationProjections/LTOPResultAll?A=01&GA=000025&Cmd=Go&Type=long&Dopt=CSV
17-3031,Surveying and Mapping Technicians,Architecture & engineering,703.0,693.0,-1.42,-10.0,25.0,59.0,-1.0,83.0,High school diploma or equivalent,65060.0,17-3031.00,Massachusetts,2024,2034,2025,2026-09-22,https://lmi.dua.eol.mass.gov/lmi/LongTermOccupationProjections/LTOPResultAll?A=01&GA=000025&Cmd=Go&Type=long&Dopt=CSV
19-1021,Biochemists and Biophysicists,Science,13652.0,13558.0,-0.69,-94.0,268.0,743.0,-9.0,1002.0,Doctoral or professional degree,139290.0,19-1021.00,Massachusetts,2024,2034,2025,2026-09-22,https://lmi.dua.eol.mass.gov/lmi/LongTermOccupationProjections/LTOPResultAll?A=01&GA=000025&Cmd=Go&Type=long&Dopt=CSV
19-1022,Microbiologists,Science,2051.0,2073.0,1.07,22.0,41.0,113.0,2.0,156.0,Bachelor's degree,119700.0,19-1022.00,Massachusetts,2024,2034,2025,2026-09-22,https://lmi.dua.eol.mass.gov/lmi/LongTermOccupationProjections/LTOPResultAll?A=01&GA=000025&Cmd=Go&Type=long&Dopt=CSV
19-1023,Zoologists and Wildlife Biologists,Science,296.0,305.0,3.04,9.0,6.0,16.0,1.0,23.0,Bachelor's degree,90780.0,19-1023.00,Massachusetts,2024,2034,2025,2026-09-22,https://lmi.dua.eol.mass.gov/lmi/LongTermOccupationProjections/LTOPResultAll?A=01&GA=000025&Cmd=Go&Type=long&Dopt=CSV
19-1029,"Biological Scientists, All Other",Science,2266.0,2274.0,0.35,8.0,45.0,124.0,1.0,170.0,Bachelor's degree,122930.0,,Massachusetts,2024,2034,2025,2026-09-22,https://lmi.dua.eol.mass.gov/lmi/LongTermOccupationProjections/LTOPResultAll?A=01&GA=000025&Cmd=Go&Type=long&Dopt=CSV
19-1031,Conservation Scientists,Science,750.0,823.0,9.73,73.0,20.0,44.0,7.0,71.0,Bachelor's degree,82710.0,19-1031.00,Massachusetts,2024,2034,2025,2026-09-22,https://lmi.dua.eol.mass.gov/lmi/LongTermOccupationProjections/LTOPResultAll?A=01&GA=000025&Cmd=Go&Type=long&Dopt=CSV
19-1032,Foresters,Science,364.0,392.0,7.69,28.0,10.0,21.0,3.0,34.0,Bachelor's degree,86020.0,19-1032.00,Massachusetts,2024,2034,2025,2026-09-22,https://lmi.dua.eol.mass.gov/lmi/LongTermOccupationProjections/LTOPResultAll?A=01&GA=000025&Cmd=Go&Type=long&Dopt=CSV
19-1041,Epidemiologists,Science,511.0,605.0,18.4,94.0,8.0,19.0,9.0,36.0,Master's degree,132230.0,19-1041.00,Massachusetts,2024,2034,2025,2026-09-22,https://lmi.dua.eol.mass.gov/lmi/LongTermOccupationProjections/LTOPResultAll?A=01&GA=000025&Cmd=Go&Type=long&Dopt=CSV
19-1042,"Medical Scientists, Except Epidemiologists",Science,16466.0,16983.0,3.14,517.0,226.0,563.0,52.0,841.0,Doctoral or professional degree,133550.0,19-1042.00,Massachusetts,2024,2034,2025,2026-09-22,https://lmi.dua.eol.mass.gov/lmi/LongTermOccupationProjections/LTOPResultAll?A=01&GA=000025&Cmd=Go&Type=long&Dopt=CSV
19-1099,"Life Scientists, All Other",Science,110.0,113.0,2.73,3.0,2.0,4.0,0.0,6.0,Bachelor's degree,131800.0,,Massachusetts,2024,2034,2025,2026-09-22,https://lmi.dua.eol.mass.gov/lmi/LongTermOccupationProjections/LTOPResultAll?A=01&GA=000025&Cmd=Go&Type=long&Dopt=CSV
19-2012,Physicists,Science,621.0,627.0,0.97,6.0,15.0,24.0,1.0,40.0,Doctoral or professional degree,130250.0,19-2012.00,Massachusetts,2024,2034,2025,2026-09-22,https://lmi.dua.eol.mass.gov/lmi/LongTermOccupationProjections/LTOPResultAll?A=01&GA=000025&Cmd=Go&Type=long&Dopt=CSV
19-2031,Chemists,Science,3263.0,3295.0,0.98,32.0,54.0,164.0,3.0,221.0,Bachelor's degree,128930.0,19-2031.00,Massachusetts,2024,2034,2025,2026-09-22,https://lmi.dua.eol.mass.gov/lmi/LongTermOccupationProjections/LTOPResultAll?A=01&GA=000025&Cmd=Go&Type=long&Dopt=CSV
19-2032,Materials Scientists,Science,725.0,740.0,2.07,15.0,12.0,37.0,2.0,51.0,Bachelor's degree,133360.0,19-2032.00,Massachusetts,2024,2034,2025,2026-09-22,https://lmi.dua.eol.mass.gov/lmi/LongTermOccupationProjections/LTOPResultAll?A=01&GA=000025&Cmd=Go&Type=long&Dopt=CSV
19-2041,"Environmental Scientists and Specialists, Including Health",Science,2983.0,3088.0,3.52,105.0,60.0,206.0,10.0,276.0,Bachelor's degree,104760.0,19-2041.00,Massachusetts,2024,2034,2025,2026-09-22,https://lmi.dua.eol.mass.gov/lmi/LongTermOccupationProjections/LTOPResultAll?A=01&GA=000025&Cmd=Go&Type=long&Dopt=CSV
19-2042,"Geoscientists, Except Hydrologists and Geographers",Science,201.0,201.0,0.0,0.0,4.0,11.0,0.0,15.0,Bachelor's degree,133880.0,19-2042.00,Massachusetts,2024,2034,2025,2026-09-22,https://lmi.dua.eol.mass.gov/lmi/LongTermOccupationProjections/LTOPResultAll?A=01&GA=000025&Cmd=Go&Type=long&Dopt=CSV
19-2043,Hydrologists,Science,102.0,102.0,0.0,0.0,2.0,6.0,0.0,8.0,Bachelor's degree,119710.0,19-2043.00,Massachusetts,2024,2034,2025,2026-09-22,https://lmi.dua.eol.mass.gov/lmi/LongTermOccupationProjections/LTOPResultAll?A=01&GA=000025&Cmd=Go&Type=long&Dopt=CSV
19-2099,"Physical Scientists, All Other",Science,490.0,496.0,1.22,6.0,8.0,22.0,1.0,31.0,Bachelor's degree,136900.0,,Massachusetts,2024,2034,2025,2026-09-22,https://lmi.dua.eol.mass.gov/lmi/LongTermOccupationProjections/LTOPResultAll?A=01&GA=000025&Cmd=Go&Type=long&Dopt=CSV
19-3011,Economists,Science,751.0,767.0,2.13,16.0,12.0,28.0,2.0,42.0,Master's degree,133270.0,19-3011.00,Massachusetts,2024,2034,2025,2026-09-22,https://lmi.dua.eol.mass.gov/lmi/LongTermOccupationProjections/LTOPResultAll?A=01&GA=000025&Cmd=Go&Type=long&Dopt=CSV
19-3033,Clinical and Counseling Psychologists,Science,3549.0,3716.0,4.71,167.0,97.0,79.0,17.0,193.0,Doctoral or professional degree,124560.0,19-3033.00,Massachusetts,2024,2034,2025,2026-09-22,https://lmi.dua.eol.mass.gov/lmi/LongTermOccupationProjections/LTOPResultAll?A=01&GA=000025&Cmd=Go&Type=long&Dopt=CSV
19-3034,School Psychologists,Science,2800.0,2926.0,4.5,126.0,63.0,97.0,13.0,173.0,Master's degree,100640.0,19-3034.00,Massachusetts,2024,2034,2025,2026-09-22,https://lmi.dua.eol.mass.gov/lmi/LongTermOccupationProjections/LTOPResultAll?A=01&GA=000025&Cmd=Go&Type=long&Dopt=CSV
19-3039,"Psychologists, All Other",Science,1055.0,1119.0,6.07,64.0,40.0,30.0,6.0,76.0,Master's degree,120730.0,,Massachusetts,2024,2034,2025,2026-09-22,https://lmi.dua.eol.mass.gov/lmi/LongTermOccupationProjections/LTOPResultAll?A=01&GA=000025&Cmd=Go&Type=long&Dopt=CSV
19-3041,Sociologists,Science,610.0,622.0,1.97,12.0,12.0,38.0,1.0,51.0,Master's degree,123460.0,19-3041.00,Massachusetts,2024,2034,2025,2026-09-22,https://lmi.dua.eol.mass.gov/lmi/LongTermOccupationProjections/LTOPResultAll?A=01&GA=000025&Cmd=Go&Type=long&Dopt=CSV
19-3051,Urban and Regional Planners,Science,1615.0,1683.0,4.21,68.0,30.0,88.0,7.0,125.0,Master's degree,100590.0,19-3051.00,Massachusetts,2024,2034,2025,2026-09-22,https://lmi.dua.eol.mass.gov/lmi/LongTermOccupationProjections/LTOPResultAll?A=01&GA=000025&Cmd=Go&Type=long&Dopt=CSV
19-3099,"Social Scientists and Related Workers, All Other",Science,326.0,334.0,2.45,8.0,7.0,20.0,1.0,28.0,Bachelor's degree,118840.0,,Massachusetts,2024,2034,2025,2026-09-22,https://lmi.dua.eol.mass.gov/lmi/LongTermOccupationProjections/LTOPResultAll?A=01&GA=000025&Cmd=Go&Type=long&Dopt=CSV
19-4013,Food Science Technicians,Science,184.0,200.0,8.7,16.0,4.0,24.0,2.0,30.0,Associate's degree,56530.0,19-4013.00,Massachusetts,2024,2034,2025,2026-09-22,https://lmi.dua.eol.mass.gov/lmi/LongTermOccupationProjections/LTOPResultAll?A=01&GA=000025&Cmd=Go&Type=long&Dopt=CSV
19-4021,Biological Technicians,Science,8503.0,8520.0,0.2,17.0,170.0,716.0,2.0,888.0,Bachelor's degree,67420.0,19-4021.00,Massachusetts,2024,2034,2025,2026-09-22,https://lmi.dua.eol.mass.gov/lmi/LongTermOccupationProjections/LTOPResultAll?A=01&GA=000025&Cmd=Go&Type=long&Dopt=CSV
19-4031,Chemical Technicians,Science,2136.0,2134.0,-0.09,-2.0,39.0,202.0,0.0,241.0,Associate's degree,70220.0,19-4031.00,Massachusetts,2024,2034,2025,2026-09-22,https://lmi.dua.eol.mass.gov/lmi/LongTermOccupationProjections/LTOPResultAll?A=01&GA=000025&Cmd=Go&Type=long&Dopt=CSV
19-4042,"Environmental Science and Protection Technicians, Including ",Science,625.0,629.0,0.64,4.0,14.0,69.0,0.0,83.0,Associate's degree,60330.0,19-4042.00,Massachusetts,2024,2034,2025,2026-09-22,https://lmi.dua.eol.mass.gov/lmi/LongTermOccupationProjections/LTOPResultAll?A=01&GA=000025&Cmd=Go&Type=long&Dopt=CSV
19-4092,Forensic Science Technicians,Science,317.0,370.0,16.72,53.0,8.0,34.0,5.0,47.0,Bachelor's degree,86260.0,19-4092.00,Massachusetts,2024,2034,2025,2026-09-22,https://lmi.dua.eol.mass.gov/lmi/LongTermOccupationProjections/LTOPResultAll?A=01&GA=000025&Cmd=Go&Type=long&Dopt=CSV
19-5011,Occupational Health and Safety Specialists,Science,3340.0,3782.0,13.23,442.0,66.0,270.0,44.0,380.0,Bachelor's degree,106540.0,19-5011.00,Massachusetts,2024,2034,2025,2026-09-22,https://lmi.dua.eol.mass.gov/lmi/LongTermOccupationProjections/LTOPResultAll?A=01&GA=000025&Cmd=Go&Type=long&Dopt=CSV
19-5012,Occupational Health and Safety Technicians,Science,390.0,411.0,5.38,21.0,7.0,30.0,2.0,39.0,High school diploma or equivalent,73150.0,19-5012.00,Massachusetts,2024,2034,2025,2026-09-22,https://lmi.dua.eol.mass.gov/lmi/LongTermOccupationProjections/LTOPResultAll?A=01&GA=000025&Cmd=Go&Type=long&Dopt=CSV
21-1012,"Educational, Guidance, and Career Counselors and Advisors",Community & social service,11587.0,12375.0,6.8,788.0,400.0,526.0,79.0,1005.0,Master's degree,85660.0,21-1012.00,Massachusetts,2024,2034,2025,2026-09-22,https://lmi.dua.eol.mass.gov/lmi/LongTermOccupationProjections/LTOPResultAll?A=01&GA=000025&Cmd=Go&Type=long&Dopt=CSV
21-1013,Marriage and Family Therapists,Community & social service,606.0,662.0,9.24,56.0,28.0,23.0,6.0,57.0,Master's degree,80880.0,21-1013.00,Massachusetts,2024,2034,2025,2026-09-22,https://lmi.dua.eol.mass.gov/lmi/LongTermOccupationProjections/LTOPResultAll?A=01&GA=000025&Cmd=Go&Type=long&Dopt=CSV
21-1015,Rehabilitation Counselors,Community & social service,5659.0,5746.0,1.54,87.0,301.0,306.0,9.0,616.0,Master's degree,59030.0,21-1015.00,Massachusetts,2024,2034,2025,2026-09-22,https://lmi.dua.eol.mass.gov/lmi/LongTermOccupationProjections/LTOPResultAll?A=01&GA=000025&Cmd=Go&Type=long&Dopt=CSV
21-1018,"Substance Abuse, Behavioral Disorder, and Mental Health Coun",Community & social service,19082.0,21747.0,13.97,2665.0,671.0,895.0,266.0,1832.0,Master's degree,65380.0,,Massachusetts,2024,2034,2025,2026-09-22,https://lmi.dua.eol.mass.gov/lmi/LongTermOccupationProjections/LTOPResultAll?A=01&GA=000025&Cmd=Go&Type=long&Dopt=CSV
21-1019,"Counselors, All Other",Community & social service,410.0,465.0,13.41,55.0,17.0,22.0,6.0,45.0,Master's degree,80240.0,,Massachusetts,2024,2034,2025,2026-09-22,https://lmi.dua.eol.mass.gov/lmi/LongTermOccupationProjections/LTOPResultAll?A=01&GA=000025&Cmd=Go&Type=long&Dopt=CSV
21-1021,"Child, Family, and School Social Workers",Community & social service,10447.0,10887.0,4.21,440.0,406.0,478.0,44.0,928.0,Bachelor's degree,77060.0,21-1021.00,Massachusetts,2024,2034,2025,2026-09-22,https://lmi.dua.eol.mass.gov/lmi/LongTermOccupationProjections/LTOPResultAll?A=01&GA=000025&Cmd=Go&Type=long&Dopt=CSV
21-1022,Healthcare Social Workers,Community & social service,7644.0,8099.0,5.95,455.0,288.0,377.0,46.0,711.0,Master's degree,77000.0,21-1022.00,Massachusetts,2024,2034,2025,2026-09-22,https://lmi.dua.eol.mass.gov/lmi/LongTermOccupationProjections/LTOPResultAll?A=01&GA=000025&Cmd=Go&Type=long&Dopt=CSV
21-1023,Mental Health and Substance Abuse Social Workers,Community & social service,7142.0,7626.0,6.78,484.0,349.0,278.0,48.0,675.0,Master's degree,69710.0,21-1023.00,Massachusetts,2024,2034,2025,2026-09-22,https://lmi.dua.eol.mass.gov/lmi/LongTermOccupationProjections/LTOPResultAll?A=01&GA=000025&Cmd=Go&Type=long&Dopt=CSV
21-1029,"Social Workers, All Other",Community & social service,478.0,493.0,3.14,15.0,16.0,23.0,2.0,41.0,Bachelor's degree,100020.0,,Massachusetts,2024,2034,2025,2026-09-22,https://lmi.dua.eol.mass.gov/lmi/LongTermOccupationProjections/LTOPResultAll?A=01&GA=000025&Cmd=Go&Type=long&Dopt=CSV
21-1091,Health Education Specialists,Community & social service,1971.0,2039.0,3.45,68.0,92.0,115.0,7.0,214.0,Bachelor's degree,70370.0,21-1091.00,Massachusetts,2024,2034,2025,2026-09-22,https://lmi.dua.eol.mass.gov/lmi/LongTermOccupationProjections/LTOPResultAll?A=01&GA=000025&Cmd=Go&Type=long&Dopt=CSV
21-1092,Probation Officers and Correctional Treatment Specialists,Community & social service,1518.0,1620.0,6.72,102.0,46.0,83.0,10.0,139.0,Bachelor's degree,92910.0,21-1092.00,Massachusetts,2024,2034,2025,2026-09-22,https://lmi.dua.eol.mass.gov/lmi/LongTermOccupationProjections/LTOPResultAll?A=01&GA=000025&Cmd=Go&Type=long&Dopt=CSV
21-1093,Social and Human Service Assistants,Community & social service,12365.0,13080.0,5.78,715.0,553.0,754.0,72.0,1379.0,High school diploma or equivalent,50430.0,21-1093.00,Massachusetts,2024,2034,2025,2026-09-22,https://lmi.dua.eol.mass.gov/lmi/LongTermOccupationProjections/LTOPResultAll?A=01&GA=000025&Cmd=Go&Type=long&Dopt=CSV
21-1094,Community Health Workers,Community & social service,2339.0,2562.0,9.53,223.0,112.0,141.0,22.0,275.0,High school diploma or equivalent,56940.0,21-1094.00,Massachusetts,2024,2034,2025,2026-09-22,https://lmi.dua.eol.mass.gov/lmi/LongTermOccupationProjections/LTOPResultAll?A=01&GA=000025&Cmd=Go&Type=long&Dopt=CSV
21-1099,"Community and Social Service Specialists, All Other",Community & social service,1588.0,1639.0,3.21,51.0,74.0,93.0,5.0,172.0,Bachelor's degree,60060.0,,Massachusetts,2024,2034,2025,2026-09-22,https://lmi.dua.eol.mass.gov/lmi/LongTermOccupationProjections/LTOPResultAll?A=01&GA=000025&Cmd=Go&Type=long&Dopt=CSV
21-2011,Clergy,Community & social service,886.0,938.0,5.87,52.0,41.0,37.0,5.0,83.0,Bachelor's degree,73510.0,21-2011.00,Massachusetts,2024,2034,2025,2026-09-22,https://lmi.dua.eol.mass.gov/lmi/LongTermOccupationProjections/LTOPResultAll?A=01&GA=000025&Cmd=Go&Type=long&Dopt=CSV
23-1011,Lawyers,Legal,25061.0,25068.0,0.03,7.0,445.0,347.0,1.0,793.0,Doctoral or professional degree,205980.0,23-1011.00,Massachusetts,2024,2034,2025,2026-09-22,https://lmi.dua.eol.mass.gov/lmi/LongTermOccupationProjections/LTOPResultAll?A=01&GA=000025&Cmd=Go&Type=long&Dopt=CSV
23-1022,"Arbitrators, Mediators, and Conciliators",Legal,204.0,214.0,4.9,10.0,4.0,3.0,1.0,8.0,Bachelor's degree,,23-1022.00,Massachusetts,2024,2034,2025,2026-09-22,https://lmi.dua.eol.mass.gov/lmi/LongTermOccupationProjections/LTOPResultAll?A=01&GA=000025&Cmd=Go&Type=long&Dopt=CSV
23-1023,"Judges, Magistrate Judges, and Magistrates",Legal,732.0,782.0,6.83,50.0,13.0,10.0,5.0,28.0,Doctoral or professional degree,201060.0,23-1023.00,Massachusetts,2024,2034,2025,2026-09-22,https://lmi.dua.eol.mass.gov/lmi/LongTermOccupationProjections/LTOPResultAll?A=01&GA=000025&Cmd=Go&Type=long&Dopt=CSV
23-2011,Paralegals and Legal Assistants,Legal,7559.0,7156.0,-5.33,-403.0,234.0,532.0,-40.0,726.0,Associate's degree,81160.0,23-2011.00,Massachusetts,2024,2034,2025,2026-09-22,https://lmi.dua.eol.mass.gov/lmi/LongTermOccupationProjections/LTOPResultAll?A=01&GA=000025&Cmd=Go&Type=long&Dopt=CSV
25-1011,"Business Teachers, Postsecondary",Education,4394.0,4814.0,9.56,420.0,179.0,149.0,42.0,370.0,Doctoral or professional degree,132880.0,25-1011.00,Massachusetts,2024,2034,2025,2026-09-22,https://lmi.dua.eol.mass.gov/lmi/LongTermOccupationProjections/LTOPResultAll?A=01&GA=000025&Cmd=Go&Type=long&Dopt=CSV
25-1021,"Computer Science Teachers, Postsecondary",Education,1375.0,1502.0,9.24,127.0,56.0,47.0,13.0,116.0,Doctoral or professional degree,128720.0,25-1021.00,Massachusetts,2024,2034,2025,2026-09-22,https://lmi.dua.eol.mass.gov/lmi/LongTermOccupationProjections/LTOPResultAll?A=01&GA=000025&Cmd=Go&Type=long&Dopt=CSV
25-1022,"Mathematical Science Teachers, Postsecondary",Education,1695.0,1797.0,6.02,102.0,68.0,57.0,10.0,135.0,Doctoral or professional degree,100910.0,25-1022.00,Massachusetts,2024,2034,2025,2026-09-22,https://lmi.dua.eol.mass.gov/lmi/LongTermOccupationProjections/LTOPResultAll?A=01&GA=000025&Cmd=Go&Type=long&Dopt=CSV
25-1031,"Architecture Teachers, Postsecondary",Education,623.0,659.0,5.78,36.0,25.0,21.0,4.0,50.0,Doctoral or professional degree,121350.0,25-1031.00,Massachusetts,2024,2034,2025,2026-09-22,https://lmi.dua.eol.mass.gov/lmi/LongTermOccupationProjections/LTOPResultAll?A=01&GA=000025&Cmd=Go&Type=long&Dopt=CSV
25-1032,"Engineering Teachers, Postsecondary",Education,1520.0,1704.0,12.11,184.0,63.0,52.0,18.0,133.0,Doctoral or professional degree,150040.0,25-1032.00,Massachusetts,2024,2034,2025,2026-09-22,https://lmi.dua.eol.mass.gov/lmi/LongTermOccupationProjections/LTOPResultAll?A=01&GA=000025&Cmd=Go&Type=long&Dopt=CSV
25-1051,"Atmospheric, Earth, Marine, and Space Sciences Teachers, Pos",Education,414.0,440.0,6.28,26.0,17.0,14.0,3.0,34.0,Doctoral or professional degree,133090.0,25-1051.00,Massachusetts,2024,2034,2025,2026-09-22,https://lmi.dua.eol.mass.gov/lmi/LongTermOccupationProjections/LTOPResultAll?A=01&GA=000025&Cmd=Go&Type=long&Dopt=CSV
25-1052,"Chemistry Teachers, Postsecondary",Education,723.0,766.0,5.95,43.0,29.0,24.0,4.0,57.0,Doctoral or professional degree,130570.0,25-1052.00,Massachusetts,2024,2034,2025,2026-09-22,https://lmi.dua.eol.mass.gov/lmi/LongTermOccupationProjections/LTOPResultAll?A=01&GA=000025&Cmd=Go&Type=long&Dopt=CSV
25-1053,"Environmental Science Teachers, Postsecondary",Education,296.0,315.0,6.42,19.0,12.0,10.0,2.0,24.0,Doctoral or professional degree,114410.0,25-1053.00,Massachusetts,2024,2034,2025,2026-09-22,https://lmi.dua.eol.mass.gov/lmi/LongTermOccupationProjections/LTOPResultAll?A=01&GA=000025&Cmd=Go&Type=long&Dopt=CSV
25-1054,"Physics Teachers, Postsecondary",Education,540.0,574.0,6.3,34.0,22.0,18.0,3.0,43.0,Doctoral or professional degree,133680.0,25-1054.00,Massachusetts,2024,2034,2025,2026-09-22,https://lmi.dua.eol.mass.gov/lmi/LongTermOccupationProjections/LTOPResultAll?A=01&GA=000025&Cmd=Go&Type=long&Dopt=CSV
25-1061,"Anthropology and Archeology Teachers, Postsecondary",Education,248.0,264.0,6.45,16.0,10.0,8.0,2.0,20.0,Doctoral or professional degree,119880.0,25-1061.00,Massachusetts,2024,2034,2025,2026-09-22,https://lmi.dua.eol.mass.gov/lmi/LongTermOccupationProjections/LTOPResultAll?A=01&GA=000025&Cmd=Go&Type=long&Dopt=CSV
25-1062,"Area, Ethnic, and Cultural Studies Teachers, Postsecondary",Education,595.0,632.0,6.22,37.0,24.0,20.0,4.0,48.0,Doctoral or professional degree,111240.0,25-1062.00,Massachusetts,2024,2034,2025,2026-09-22,https://lmi.dua.eol.mass.gov/lmi/LongTermOccupationProjections/LTOPResultAll?A=01&GA=000025&Cmd=Go&Type=long&Dopt=CSV
25-1063,"Economics Teachers, Postsecondary",Education,741.0,785.0,5.94,44.0,30.0,25.0,4.0,59.0,Doctoral or professional degree,185980.0,25-1063.00,Massachusetts,2024,2034,2025,2026-09-22,https://lmi.dua.eol.mass.gov/lmi/LongTermOccupationProjections/LTOPResultAll?A=01&GA=000025&Cmd=Go&Type=long&Dopt=CSV
25-1065,"Political Science Teachers, Postsecondary",Education,788.0,834.0,5.84,46.0,32.0,26.0,5.0,63.0,Doctoral or professional degree,137010.0,25-1065.00,Massachusetts,2024,2034,2025,2026-09-22,https://lmi.dua.eol.mass.gov/lmi/LongTermOccupationProjections/LTOPResultAll?A=01&GA=000025&Cmd=Go&Type=long&Dopt=CSV
25-1066,"Psychology Teachers, Postsecondary",Education,1732.0,1861.0,7.45,129.0,70.0,58.0,13.0,141.0,Doctoral or professional degree,96600.0,25-1066.00,Massachusetts,2024,2034,2025,2026-09-22,https://lmi.dua.eol.mass.gov/lmi/LongTermOccupationProjections/LTOPResultAll?A=01&GA=000025&Cmd=Go&Type=long&Dopt=CSV
25-1067,"Sociology Teachers, Postsecondary",Education,707.0,749.0,5.94,42.0,28.0,24.0,4.0,56.0,Doctoral or professional degree,109340.0,25-1067.00,Massachusetts,2024,2034,2025,2026-09-22,https://lmi.dua.eol.mass.gov/lmi/LongTermOccupationProjections/LTOPResultAll?A=01&GA=000025&Cmd=Go&Type=long&Dopt=CSV
25-1069,"Social Sciences Teachers, Postsecondary, All Other",Education,421.0,444.0,5.46,23.0,17.0,14.0,2.0,33.0,Doctoral or professional degree,121350.0,,Massachusetts,2024,2034,2025,2026-09-22,https://lmi.dua.eol.mass.gov/lmi/LongTermOccupationProjections/LTOPResultAll?A=01&GA=000025&Cmd=Go&Type=long&Dopt=CSV
25-1071,"Health Specialties Teachers, Postsecondary",Education,11172.0,13452.0,20.41,2280.0,479.0,399.0,228.0,1106.0,Doctoral or professional degree,166200.0,25-1071.00,Massachusetts,2024,2034,2025,2026-09-22,https://lmi.dua.eol.mass.gov/lmi/LongTermOccupationProjections/LTOPResultAll?A=01&GA=000025&Cmd=Go&Type=long&Dopt=CSV
25-1072,"Nursing Instructors and Teachers, Postsecondary",Education,2791.0,3370.0,20.75,579.0,120.0,100.0,58.0,278.0,Doctoral or professional degree,95000.0,25-1072.00,Massachusetts,2024,2034,2025,2026-09-22,https://lmi.dua.eol.mass.gov/lmi/LongTermOccupationProjections/LTOPResultAll?A=01&GA=000025&Cmd=Go&Type=long&Dopt=CSV
25-1081,"Education Teachers, Postsecondary",Education,2116.0,2241.0,5.91,125.0,85.0,71.0,12.0,168.0,Doctoral or professional degree,93170.0,25-1081.00,Massachusetts,2024,2034,2025,2026-09-22,https://lmi.dua.eol.mass.gov/lmi/LongTermOccupationProjections/LTOPResultAll?A=01&GA=000025&Cmd=Go&Type=long&Dopt=CSV
25-1111,"Criminal Justice and Law Enforcement Teachers, Postsecondary",Education,382.0,404.0,5.76,22.0,15.0,13.0,2.0,30.0,Doctoral or professional degree,91730.0,25-1111.00,Massachusetts,2024,2034,2025,2026-09-22,https://lmi.dua.eol.mass.gov/lmi/LongTermOccupationProjections/LTOPResultAll?A=01&GA=000025&Cmd=Go&Type=long&Dopt=CSV
25-1112,"Law Teachers, Postsecondary",Education,889.0,941.0,5.85,52.0,36.0,30.0,5.0,71.0,Doctoral or professional degree,168350.0,25-1112.00,Massachusetts,2024,2034,2025,2026-09-22,https://lmi.dua.eol.mass.gov/lmi/LongTermOccupationProjections/LTOPResultAll?A=01&GA=000025&Cmd=Go&Type=long&Dopt=CSV
25-1113,"Social Work Teachers, Postsecondary",Education,797.0,846.0,6.15,49.0,32.0,27.0,5.0,64.0,Doctoral or professional degree,96560.0,25-1113.00,Massachusetts,2024,2034,2025,2026-09-22,https://lmi.dua.eol.mass.gov/lmi/LongTermOccupationProjections/LTOPResultAll?A=01&GA=000025&Cmd=Go&Type=long&Dopt=CSV
25-1121,"Art, Drama, and Music Teachers, Postsecondary",Education,5625.0,5931.0,5.44,306.0,225.0,187.0,31.0,443.0,Master's degree,102790.0,25-1121.00,Massachusetts,2024,2034,2025,2026-09-22,https://lmi.dua.eol.mass.gov/lmi/LongTermOccupationProjections/LTOPResultAll?A=01&GA=000025&Cmd=Go&Type=long&Dopt=CSV
25-1122,"Communications Teachers, Postsecondary",Education,1095.0,1160.0,5.94,65.0,44.0,36.0,6.0,86.0,Doctoral or professional degree,97440.0,25-1122.00,Massachusetts,2024,2034,2025,2026-09-22,https://lmi.dua.eol.mass.gov/lmi/LongTermOccupationProjections/LTOPResultAll?A=01&GA=000025&Cmd=Go&Type=long&Dopt=CSV
25-1123,"English Language and Literature Teachers, Postsecondary",Education,3160.0,3276.0,3.67,116.0,125.0,104.0,12.0,241.0,Doctoral or professional degree,103940.0,25-1123.00,Massachusetts,2024,2034,2025,2026-09-22,https://lmi.dua.eol.mass.gov/lmi/LongTermOccupationProjections/LTOPResultAll?A=01&GA=000025&Cmd=Go&Type=long&Dopt=CSV
25-1124,"Foreign Language and Literature Teachers, Postsecondary",Education,1077.0,1115.0,3.53,38.0,43.0,36.0,4.0,83.0,Doctoral or professional degree,109700.0,25-1124.00,Massachusetts,2024,2034,2025,2026-09-22,https://lmi.dua.eol.mass.gov/lmi/LongTermOccupationProjections/LTOPResultAll?A=01&GA=000025&Cmd=Go&Type=long&Dopt=CSV
25-1125,"History Teachers, Postsecondary",Education,829.0,858.0,3.5,29.0,33.0,27.0,3.0,63.0,Doctoral or professional degree,114880.0,25-1125.00,Massachusetts,2024,2034,2025,2026-09-22,https://lmi.dua.eol.mass.gov/lmi/LongTermOccupationProjections/LTOPResultAll?A=01&GA=000025&Cmd=Go&Type=long&Dopt=CSV
25-1126,"Philosophy and Religion Teachers, Postsecondary",Education,941.0,983.0,4.46,42.0,37.0,31.0,4.0,72.0,Doctoral or professional degree,109400.0,25-1126.00,Massachusetts,2024,2034,2025,2026-09-22,https://lmi.dua.eol.mass.gov/lmi/LongTermOccupationProjections/LTOPResultAll?A=01&GA=000025&Cmd=Go&Type=long&Dopt=CSV
25-1193,"Recreation and Fitness Studies Teachers, Postsecondary",Education,267.0,283.0,5.99,16.0,11.0,9.0,2.0,22.0,Doctoral or professional degree,94740.0,25-1193.00,Massachusetts,2024,2034,2025,2026-09-22,https://lmi.dua.eol.mass.gov/lmi/LongTermOccupationProjections/LTOPResultAll?A=01&GA=000025&Cmd=Go&Type=long&Dopt=CSV
25-1194,"Career/Technical Education Teachers, Postsecondary",Education,1696.0,1760.0,3.77,64.0,67.0,56.0,6.0,129.0,Bachelor's degree,82620.0,25-1194.00,Massachusetts,2024,2034,2025,2026-09-22,https://lmi.dua.eol.mass.gov/lmi/LongTermOccupationProjections/LTOPResultAll?A=01&GA=000025&Cmd=Go&Type=long&Dopt=CSV
25-1199,"Postsecondary Teachers, All Other",Education,2006.0,2118.0,5.58,112.0,80.0,67.0,11.0,158.0,Doctoral or professional degree,116540.0,,Massachusetts,2024,2034,2025,2026-09-22,https://lmi.dua.eol.mass.gov/lmi/LongTermOccupationProjections/LTOPResultAll?A=01&GA=000025&Cmd=Go&Type=long&Dopt=CSV
25-2011,"Preschool Teachers, Except Special Education",Education,15034.0,15173.0,0.92,139.0,713.0,971.0,14.0,1698.0,Associate's degree,48460.0,25-2011.00,Massachusetts,2024,2034,2025,2026-09-22,https://lmi.dua.eol.mass.gov/lmi/LongTermOccupationProjections/LTOPResultAll?A=01&GA=000025&Cmd=Go&Type=long&Dopt=CSV
25-2012,"Kindergarten Teachers, Except Special Education",Education,1952.0,1990.0,1.95,38.0,93.0,127.0,4.0,224.0,Bachelor's degree,84950.0,25-2012.00,Massachusetts,2024,2034,2025,2026-09-22,https://lmi.dua.eol.mass.gov/lmi/LongTermOccupationProjections/LTOPResultAll?A=01&GA=000025&Cmd=Go&Type=long&Dopt=CSV
25-2021,"Elementary School Teachers, Except Special Education",Education,31323.0,31761.0,1.4,438.0,1059.0,1041.0,44.0,2144.0,Bachelor's degree,88720.0,25-2021.00,Massachusetts,2024,2034,2025,2026-09-22,https://lmi.dua.eol.mass.gov/lmi/LongTermOccupationProjections/LTOPResultAll?A=01&GA=000025&Cmd=Go&Type=long&Dopt=CSV
25-2022,"Middle School Teachers, Except Special and Career/Technical ",Education,16085.0,16349.0,1.64,264.0,544.0,535.0,26.0,1105.0,Bachelor's degree,87300.0,25-2022.00,Massachusetts,2024,2034,2025,2026-09-22,https://lmi.dua.eol.mass.gov/lmi/LongTermOccupationProjections/LTOPResultAll?A=01&GA=000025&Cmd=Go&Type=long&Dopt=CSV
25-2031,"Secondary School Teachers, Except Special and Career/Technic",Education,28235.0,28789.0,1.96,554.0,875.0,910.0,55.0,1840.0,Bachelor's degree,90270.0,25-2031.00,Massachusetts,2024,2034,2025,2026-09-22,https://lmi.dua.eol.mass.gov/lmi/LongTermOccupationProjections/LTOPResultAll?A=01&GA=000025&Cmd=Go&Type=long&Dopt=CSV
25-2032,"Career/Technical Education Teachers, Secondary School",Education,2807.0,2855.0,1.71,48.0,87.0,90.0,5.0,182.0,Bachelor's degree,93230.0,25-2032.00,Massachusetts,2024,2034,2025,2026-09-22,https://lmi.dua.eol.mass.gov/lmi/LongTermOccupationProjections/LTOPResultAll?A=01&GA=000025&Cmd=Go&Type=long&Dopt=CSV
25-2051,"Special Education Teachers, Preschool",Education,676.0,675.0,-0.15,-1.0,24.0,23.0,0.0,47.0,Bachelor's degree,94860.0,25-2051.00,Massachusetts,2024,2034,2025,2026-09-22,https://lmi.dua.eol.mass.gov/lmi/LongTermOccupationProjections/LTOPResultAll?A=01&GA=000025&Cmd=Go&Type=long&Dopt=CSV
25-2052,"Special Education Teachers, Kindergarten and Elementary Scho",Education,6477.0,6603.0,1.95,126.0,229.0,226.0,13.0,468.0,Bachelor's degree,89550.0,,Massachusetts,2024,2034,2025,2026-09-22,https://lmi.dua.eol.mass.gov/lmi/LongTermOccupationProjections/LTOPResultAll?A=01&GA=000025&Cmd=Go&Type=long&Dopt=CSV
25-2057,"Special Education Teachers, Middle School",Education,2802.0,2854.0,1.86,52.0,99.0,98.0,5.0,202.0,Bachelor's degree,87040.0,25-2057.00,Massachusetts,2024,2034,2025,2026-09-22,https://lmi.dua.eol.mass.gov/lmi/LongTermOccupationProjections/LTOPResultAll?A=01&GA=000025&Cmd=Go&Type=long&Dopt=CSV
25-2058,"Special Education Teachers, Secondary School",Education,3952.0,4038.0,2.18,86.0,140.0,138.0,9.0,287.0,Bachelor's degree,88250.0,25-2058.00,Massachusetts,2024,2034,2025,2026-09-22,https://lmi.dua.eol.mass.gov/lmi/LongTermOccupationProjections/LTOPResultAll?A=01&GA=000025&Cmd=Go&Type=long&Dopt=CSV
25-2059,"Special Education Teachers, All Other",Education,912.0,942.0,3.29,30.0,32.0,32.0,3.0,67.0,Bachelor's degree,81220.0,,Massachusetts,2024,2034,2025,2026-09-22,https://lmi.dua.eol.mass.gov/lmi/LongTermOccupationProjections/LTOPResultAll?A=01&GA=000025&Cmd=Go&Type=long&Dopt=CSV
25-3011,"Adult Basic Education, Adult Secondary Education, and Englis",Education,1751.0,1549.0,-11.54,-202.0,97.0,96.0,-20.0,173.0,Bachelor's degree,68650.0,25-3011.00,Massachusetts,2024,2034,2025,2026-09-22,https://lmi.dua.eol.mass.gov/lmi/LongTermOccupationProjections/LTOPResultAll?A=01&GA=000025&Cmd=Go&Type=long&Dopt=CSV
25-3021,Self-Enrichment Teachers,Education,11466.0,12344.0,7.66,878.0,698.0,696.0,88.0,1482.0,High school diploma or equivalent,63000.0,25-3021.00,Massachusetts,2024,2034,2025,2026-09-22,https://lmi.dua.eol.mass.gov/lmi/LongTermOccupationProjections/LTOPResultAll?A=01&GA=000025&Cmd=Go&Type=long&Dopt=CSV
25-3031,"Substitute Teachers, Short-Term",Education,8141.0,8506.0,4.48,365.0,488.0,487.0,36.0,1011.0,Bachelor's degree,45830.0,25-3031.00,Massachusetts,2024,2034,2025,2026-09-22,https://lmi.dua.eol.mass.gov/lmi/LongTermOccupationProjections/LTOPResultAll?A=01&GA=000025&Cmd=Go&Type=long&Dopt=CSV
25-3041,Tutors,Education,6255.0,6526.0,4.33,271.0,578.0,515.0,27.0,1120.0,"Some college, no degree",65210.0,25-3041.00,Massachusetts,2024,2034,2025,2026-09-22,https://lmi.dua.eol.mass.gov/lmi/LongTermOccupationProjections/LTOPResultAll?A=01&GA=000025&Cmd=Go&Type=long&Dopt=CSV
25-3099,"Teachers and Instructors, All Other",Education,2045.0,2115.0,3.42,70.0,122.0,122.0,7.0,251.0,Bachelor's degree,89220.0,,Massachusetts,2024,2034,2025,2026-09-22,https://lmi.dua.eol.mass.gov/lmi/LongTermOccupationProjections/LTOPResultAll?A=01&GA=000025&Cmd=Go&Type=long&Dopt=CSV
25-4011,Archivists,Education,346.0,364.0,5.2,18.0,20.0,20.0,2.0,42.0,Master's degree,81700.0,25-4011.00,Massachusetts,2024,2034,2025,2026-09-22,https://lmi.dua.eol.mass.gov/lmi/LongTermOccupationProjections/LTOPResultAll?A=01&GA=000025&Cmd=Go&Type=long&Dopt=CSV
25-4012,Curators,Education,504.0,542.0,7.54,38.0,29.0,29.0,4.0,62.0,Master's degree,81450.0,25-4012.00,Massachusetts,2024,2034,2025,2026-09-22,https://lmi.dua.eol.mass.gov/lmi/LongTermOccupationProjections/LTOPResultAll?A=01&GA=000025&Cmd=Go&Type=long&Dopt=CSV
25-4013,Museum Technicians and Conservators,Education,322.0,345.0,7.14,23.0,18.0,18.0,2.0,38.0,Bachelor's degree,61720.0,25-4013.00,Massachusetts,2024,2034,2025,2026-09-22,https://lmi.dua.eol.mass.gov/lmi/LongTermOccupationProjections/LTOPResultAll?A=01&GA=000025&Cmd=Go&Type=long&Dopt=CSV
25-4022,Librarians and Media Collections Specialists,Education,5125.0,5316.0,3.73,191.0,276.0,206.0,19.0,501.0,Master's degree,80220.0,25-4022.00,Massachusetts,2024,2034,2025,2026-09-22,https://lmi.dua.eol.mass.gov/lmi/LongTermOccupationProjections/LTOPResultAll?A=01&GA=000025&Cmd=Go&Type=long&Dopt=CSV
25-4031,Library Technicians,Education,1909.0,1791.0,-6.18,-118.0,172.0,157.0,-12.0,317.0,Postsecondary non-degree award,53100.0,25-4031.00,Massachusetts,2024,2034,2025,2026-09-22,https://lmi.dua.eol.mass.gov/lmi/LongTermOccupationProjections/LTOPResultAll?A=01&GA=000025&Cmd=Go&Type=long&Dopt=CSV
25-9031,Instructional Coordinators,Education,5664.0,5912.0,4.38,248.0,284.0,249.0,25.0,558.0,Master's degree,92600.0,25-9031.00,Massachusetts,2024,2034,2025,2026-09-22,https://lmi.dua.eol.mass.gov/lmi/LongTermOccupationProjections/LTOPResultAll?A=01&GA=000025&Cmd=Go&Type=long&Dopt=CSV
25-9044,"Teaching Assistants, Postsecondary",Education,3291.0,3518.0,6.9,227.0,196.0,220.0,23.0,439.0,Bachelor's degree,54020.0,25-9044.00,Massachusetts,2024,2034,2025,2026-09-22,https://lmi.dua.eol.mass.gov/lmi/LongTermOccupationProjections/LTOPResultAll?A=01&GA=000025&Cmd=Go&Type=long&Dopt=CSV
25-9045,"Teaching Assistants, Except Postsecondary",Education,36686.0,37035.0,0.95,349.0,2122.0,2380.0,35.0,4537.0,"Some college, no degree",42970.0,,Massachusetts,2024,2034,2025,2026-09-22,https://lmi.dua.eol.mass.gov/lmi/LongTermOccupationProjections/LTOPResultAll?A=01&GA=000025&Cmd=Go&Type=long&Dopt=CSV
27-1011,Art Directors,Arts & media,4680.0,4739.0,1.26,59.0,194.0,206.0,6.0,406.0,Bachelor's degree,147040.0,27-1011.00,Massachusetts,2024,2034,2025,2026-09-22,https://lmi.dua.eol.mass.gov/lmi/LongTermOccupationProjections/LTOPResultAll?A=01&GA=000025&Cmd=Go&Type=long&Dopt=CSV
27-1014,Special Effects Artists and Animators,Arts & media,694.0,650.0,-6.34,-44.0,28.0,29.0,-4.0,53.0,Bachelor's degree,84280.0,27-1014.00,Massachusetts,2024,2034,2025,2026-09-22,https://lmi.dua.eol.mass.gov/lmi/LongTermOccupationProjections/LTOPResultAll?A=01&GA=000025&Cmd=Go&Type=long&Dopt=CSV
27-1021,Commercial and Industrial Designers,Arts & media,1019.0,1043.0,2.36,24.0,31.0,48.0,2.0,81.0,Bachelor's degree,106940.0,27-1021.00,Massachusetts,2024,2034,2025,2026-09-22,https://lmi.dua.eol.mass.gov/lmi/LongTermOccupationProjections/LTOPResultAll?A=01&GA=000025&Cmd=Go&Type=long&Dopt=CSV
27-1022,Fashion Designers,Arts & media,726.0,783.0,7.85,57.0,26.0,40.0,6.0,72.0,Bachelor's degree,113650.0,27-1022.00,Massachusetts,2024,2034,2025,2026-09-22,https://lmi.dua.eol.mass.gov/lmi/LongTermOccupationProjections/LTOPResultAll?A=01&GA=000025&Cmd=Go&Type=long&Dopt=CSV
27-1023,Floral Designers,Arts & media,1104.0,1057.0,-4.26,-47.0,74.0,63.0,-5.0,132.0,High school diploma or equivalent,48690.0,27-1023.00,Massachusetts,2024,2034,2025,2026-09-22,https://lmi.dua.eol.mass.gov/lmi/LongTermOccupationProjections/LTOPResultAll?A=01&GA=000025&Cmd=Go&Type=long&Dopt=CSV
27-1024,Graphic Designers,Arts & media,5913.0,5997.0,1.42,84.0,143.0,288.0,8.0,439.0,Bachelor's degree,79690.0,27-1024.00,Massachusetts,2024,2034,2025,2026-09-22,https://lmi.dua.eol.mass.gov/lmi/LongTermOccupationProjections/LTOPResultAll?A=01&GA=000025&Cmd=Go&Type=long&Dopt=CSV
27-1025,Interior Designers,Arts & media,1948.0,1935.0,-0.67,-13.0,76.0,88.0,-1.0,163.0,Bachelor's degree,83670.0,27-1025.00,Massachusetts,2024,2034,2025,2026-09-22,https://lmi.dua.eol.mass.gov/lmi/LongTermOccupationProjections/LTOPResultAll?A=01&GA=000025&Cmd=Go&Type=long&Dopt=CSV
27-1026,Merchandise Displayers and Window Trimmers,Arts & media,4202.0,4250.0,1.14,48.0,198.0,236.0,5.0,439.0,High school diploma or equivalent,47200.0,27-1026.00,Massachusetts,2024,2034,2025,2026-09-22,https://lmi.dua.eol.mass.gov/lmi/LongTermOccupationProjections/LTOPResultAll?A=01&GA=000025&Cmd=Go&Type=long&Dopt=CSV
27-1027,Set and Exhibit Designers,Arts & media,671.0,682.0,1.64,11.0,19.0,32.0,1.0,52.0,Bachelor's degree,79580.0,27-1027.00,Massachusetts,2024,2034,2025,2026-09-22,https://lmi.dua.eol.mass.gov/lmi/LongTermOccupationProjections/LTOPResultAll?A=01&GA=000025&Cmd=Go&Type=long&Dopt=CSV
27-2012,Producers and Directors,Arts & media,3803.0,3922.0,3.13,119.0,83.0,188.0,12.0,283.0,Bachelor's degree,94850.0,27-2012.00,Massachusetts,2024,2034,2025,2026-09-22,https://lmi.dua.eol.mass.gov/lmi/LongTermOccupationProjections/LTOPResultAll?A=01&GA=000025&Cmd=Go&Type=long&Dopt=CSV
27-2022,Coaches and Scouts,Arts & media,8427.0,9213.0,9.33,786.0,528.0,584.0,79.0,1191.0,Bachelor's degree,69940.0,27-2022.00,Massachusetts,2024,2034,2025,2026-09-22,https://lmi.dua.eol.mass.gov/lmi/LongTermOccupationProjections/LTOPResultAll?A=01&GA=000025&Cmd=Go&Type=long&Dopt=CSV
27-2023,"Umpires, Referees, and Other Sports Officials",Arts & media,256.0,279.0,8.98,23.0,36.0,25.0,2.0,63.0,High school diploma or equivalent,62540.0,27-2023.00,Massachusetts,2024,2034,2025,2026-09-22,https://lmi.dua.eol.mass.gov/lmi/LongTermOccupationProjections/LTOPResultAll?A=01&GA=000025&Cmd=Go&Type=long&Dopt=CSV
27-2041,Music Directors and Composers,Arts & media,352.0,358.0,1.7,6.0,14.0,18.0,1.0,33.0,Bachelor's degree,93170.0,27-2041.00,Massachusetts,2024,2034,2025,2026-09-22,https://lmi.dua.eol.mass.gov/lmi/LongTermOccupationProjections/LTOPResultAll?A=01&GA=000025&Cmd=Go&Type=long&Dopt=CSV
27-2042,Musicians and Singers,Arts & media,1386.0,1476.0,6.49,90.0,88.0,73.0,9.0,170.0,No formal educational credential,,27-2042.00,Massachusetts,2024,2034,2025,2026-09-22,https://lmi.dua.eol.mass.gov/lmi/LongTermOccupationProjections/LTOPResultAll?A=01&GA=000025&Cmd=Go&Type=long&Dopt=CSV
27-3011,Broadcast Announcers and Radio Disc Jockeys,Arts & media,331.0,314.0,-5.14,-17.0,16.0,18.0,-2.0,32.0,Bachelor's degree,98750.0,27-3011.00,Massachusetts,2024,2034,2025,2026-09-22,https://lmi.dua.eol.mass.gov/lmi/LongTermOccupationProjections/LTOPResultAll?A=01&GA=000025&Cmd=Go&Type=long&Dopt=CSV
27-3023,"News Analysts, Reporters, and Journalists",Arts & media,1379.0,1440.0,4.42,61.0,58.0,69.0,6.0,133.0,Bachelor's degree,,27-3023.00,Massachusetts,2024,2034,2025,2026-09-22,https://lmi.dua.eol.mass.gov/lmi/LongTermOccupationProjections/LTOPResultAll?A=01&GA=000025&Cmd=Go&Type=long&Dopt=CSV
27-3031,Public Relations Specialists,Arts & media,8155.0,8459.0,3.73,304.0,231.0,438.0,30.0,699.0,Bachelor's degree,90400.0,27-3031.00,Massachusetts,2024,2034,2025,2026-09-22,https://lmi.dua.eol.mass.gov/lmi/LongTermOccupationProjections/LTOPResultAll?A=01&GA=000025&Cmd=Go&Type=long&Dopt=CSV
27-3041,Editors,Arts & media,3641.0,3790.0,4.09,149.0,132.0,179.0,15.0,326.0,Bachelor's degree,89740.0,27-3041.00,Massachusetts,2024,2034,2025,2026-09-22,https://lmi.dua.eol.mass.gov/lmi/LongTermOccupationProjections/LTOPResultAll?A=01&GA=000025&Cmd=Go&Type=long&Dopt=CSV
27-3042,Technical Writers,Arts & media,1727.0,1702.0,-1.45,-25.0,56.0,78.0,-2.0,132.0,Bachelor's degree,114610.0,27-3042.00,Massachusetts,2024,2034,2025,2026-09-22,https://lmi.dua.eol.mass.gov/lmi/LongTermOccupationProjections/LTOPResultAll?A=01&GA=000025&Cmd=Go&Type=long&Dopt=CSV
27-3043,Writers and Authors,Arts & media,3341.0,3431.0,2.69,90.0,160.0,158.0,9.0,327.0,Bachelor's degree,94580.0,27-3043.00,Massachusetts,2024,2034,2025,2026-09-22,https://lmi.dua.eol.mass.gov/lmi/LongTermOccupationProjections/LTOPResultAll?A=01&GA=000025&Cmd=Go&Type=long&Dopt=CSV
27-3091,Interpreters and Translators,Arts & media,3138.0,3159.0,0.67,21.0,156.0,126.0,2.0,284.0,Bachelor's degree,79140.0,27-3091.00,Massachusetts,2024,2034,2025,2026-09-22,https://lmi.dua.eol.mass.gov/lmi/LongTermOccupationProjections/LTOPResultAll?A=01&GA=000025&Cmd=Go&Type=long&Dopt=CSV
27-4011,Audio and Video Technicians,Arts & media,1477.0,1529.0,3.52,52.0,35.0,78.0,5.0,118.0,Postsecondary non-degree award,,27-4011.00,Massachusetts,2024,2034,2025,2026-09-22,https://lmi.dua.eol.mass.gov/lmi/LongTermOccupationProjections/LTOPResultAll?A=01&GA=000025&Cmd=Go&Type=long&Dopt=CSV
27-4012,Broadcast Technicians,Arts & media,608.0,588.0,-3.29,-20.0,14.0,31.0,-2.0,43.0,Associate's degree,56340.0,27-4012.00,Massachusetts,2024,2034,2025,2026-09-22,https://lmi.dua.eol.mass.gov/lmi/LongTermOccupationProjections/LTOPResultAll?A=01&GA=000025&Cmd=Go&Type=long&Dopt=CSV
27-4014,Sound Engineering Technicians,Arts & media,195.0,189.0,-3.08,-6.0,4.0,10.0,-1.0,13.0,Postsecondary non-degree award,82510.0,27-4014.00,Massachusetts,2024,2034,2025,2026-09-22,https://lmi.dua.eol.mass.gov/lmi/LongTermOccupationProjections/LTOPResultAll?A=01&GA=000025&Cmd=Go&Type=long&Dopt=CSV
27-4015,Lighting Technicians,Arts & media,131.0,126.0,-3.82,-5.0,3.0,7.0,0.0,10.0,Postsecondary non-degree award,65850.0,,Massachusetts,2024,2034,2025,2026-09-22,https://lmi.dua.eol.mass.gov/lmi/LongTermOccupationProjections/LTOPResultAll?A=01&GA=000025&Cmd=Go&Type=long&Dopt=CSV
27-4021,Photographers,Arts & media,3442.0,3372.0,-2.03,-70.0,110.0,166.0,-7.0,269.0,High school diploma or equivalent,71300.0,27-4021.00,Massachusetts,2024,2034,2025,2026-09-22,https://lmi.dua.eol.mass.gov/lmi/LongTermOccupationProjections/LTOPResultAll?A=01&GA=000025&Cmd=Go&Type=long&Dopt=CSV
27-4031,"Camera Operators, Television, Video, and Film",Arts & media,615.0,606.0,-1.46,-9.0,14.0,33.0,-1.0,46.0,Bachelor's degree,79290.0,27-4031.00,Massachusetts,2024,2034,2025,2026-09-22,https://lmi.dua.eol.mass.gov/lmi/LongTermOccupationProjections/LTOPResultAll?A=01&GA=000025&Cmd=Go&Type=long&Dopt=CSV
27-4032,Film and Video Editors,Arts & media,630.0,622.0,-1.27,-8.0,14.0,34.0,-1.0,47.0,Bachelor's degree,95530.0,27-4032.00,Massachusetts,2024,2034,2025,2026-09-22,https://lmi.dua.eol.mass.gov/lmi/LongTermOccupationProjections/LTOPResultAll?A=01&GA=000025&Cmd=Go&Type=long&Dopt=CSV
29-1011,Chiropractors,Healthcare practitioners,1186.0,1235.0,4.13,49.0,36.0,8.0,5.0,49.0,Doctoral or professional degree,93800.0,29-1011.00,Massachusetts,2024,2034,2025,2026-09-22,https://lmi.dua.eol.mass.gov/lmi/LongTermOccupationProjections/LTOPResultAll?A=01&GA=000025&Cmd=Go&Type=long&Dopt=CSV
29-1031,Dietitians and Nutritionists,Healthcare practitioners,2728.0,2839.0,4.07,111.0,93.0,78.0,11.0,182.0,Bachelor's degree,82390.0,29-1031.00,Massachusetts,2024,2034,2025,2026-09-22,https://lmi.dua.eol.mass.gov/lmi/LongTermOccupationProjections/LTOPResultAll?A=01&GA=000025&Cmd=Go&Type=long&Dopt=CSV
29-1041,Optometrists,Healthcare practitioners,1256.0,1301.0,3.58,45.0,46.0,5.0,4.0,55.0,Doctoral or professional degree,152550.0,29-1041.00,Massachusetts,2024,2034,2025,2026-09-22,https://lmi.dua.eol.mass.gov/lmi/LongTermOccupationProjections/LTOPResultAll?A=01&GA=000025&Cmd=Go&Type=long&Dopt=CSV
29-1051,Pharmacists,Healthcare practitioners,8058.0,8422.0,4.52,364.0,194.0,109.0,36.0,339.0,Doctoral or professional degree,138660.0,29-1051.00,Massachusetts,2024,2034,2025,2026-09-22,https://lmi.dua.eol.mass.gov/lmi/LongTermOccupationProjections/LTOPResultAll?A=01&GA=000025&Cmd=Go&Type=long&Dopt=CSV
29-1071,Physician Assistants,Healthcare practitioners,4443.0,5250.0,18.16,807.0,97.0,138.0,81.0,316.0,Master's degree,146480.0,29-1071.00,Massachusetts,2024,2034,2025,2026-09-22,https://lmi.dua.eol.mass.gov/lmi/LongTermOccupationProjections/LTOPResultAll?A=01&GA=000025&Cmd=Go&Type=long&Dopt=CSV
29-1081,Podiatrists,Healthcare practitioners,168.0,166.0,-1.19,-2.0,4.0,1.0,0.0,5.0,Doctoral or professional degree,217080.0,29-1081.00,Massachusetts,2024,2034,2025,2026-09-22,https://lmi.dua.eol.mass.gov/lmi/LongTermOccupationProjections/LTOPResultAll?A=01&GA=000025&Cmd=Go&Type=long&Dopt=CSV
29-1122,Occupational Therapists,Healthcare practitioners,6386.0,7126.0,11.59,740.0,152.0,164.0,74.0,390.0,Master's degree,99730.0,29-1122.00,Massachusetts,2024,2034,2025,2026-09-22,https://lmi.dua.eol.mass.gov/lmi/LongTermOccupationProjections/LTOPResultAll?A=01&GA=000025&Cmd=Go&Type=long&Dopt=CSV
29-1123,Physical Therapists,Healthcare practitioners,6954.0,7463.0,7.32,509.0,153.0,110.0,51.0,314.0,Doctoral or professional degree,106900.0,29-1123.00,Massachusetts,2024,2034,2025,2026-09-22,https://lmi.dua.eol.mass.gov/lmi/LongTermOccupationProjections/LTOPResultAll?A=01&GA=000025&Cmd=Go&Type=long&Dopt=CSV
29-1124,Radiation Therapists,Healthcare practitioners,307.0,306.0,-0.33,-1.0,7.0,6.0,0.0,13.0,Associate's degree,112170.0,29-1124.00,Massachusetts,2024,2034,2025,2026-09-22,https://lmi.dua.eol.mass.gov/lmi/LongTermOccupationProjections/LTOPResultAll?A=01&GA=000025&Cmd=Go&Type=long&Dopt=CSV
29-1125,Recreational Therapists,Healthcare practitioners,260.0,268.0,3.08,8.0,10.0,11.0,1.0,22.0,Bachelor's degree,66680.0,29-1125.00,Massachusetts,2024,2034,2025,2026-09-22,https://lmi.dua.eol.mass.gov/lmi/LongTermOccupationProjections/LTOPResultAll?A=01&GA=000025&Cmd=Go&Type=long&Dopt=CSV
29-1126,Respiratory Therapists,Healthcare practitioners,2215.0,2446.0,10.43,231.0,64.0,49.0,23.0,136.0,Associate's degree,100580.0,29-1126.00,Massachusetts,2024,2034,2025,2026-09-22,https://lmi.dua.eol.mass.gov/lmi/LongTermOccupationProjections/LTOPResultAll?A=01&GA=000025&Cmd=Go&Type=long&Dopt=CSV
29-1127,Speech-Language Pathologists,Healthcare practitioners,5101.0,5826.0,14.21,725.0,140.0,144.0,72.0,356.0,Master's degree,101890.0,29-1127.00,Massachusetts,2024,2034,2025,2026-09-22,https://lmi.dua.eol.mass.gov/lmi/LongTermOccupationProjections/LTOPResultAll?A=01&GA=000025&Cmd=Go&Type=long&Dopt=CSV
29-1128,Exercise Physiologists,Healthcare practitioners,435.0,461.0,5.98,26.0,14.0,12.0,3.0,29.0,Bachelor's degree,72210.0,29-1128.00,Massachusetts,2024,2034,2025,2026-09-22,https://lmi.dua.eol.mass.gov/lmi/LongTermOccupationProjections/LTOPResultAll?A=01&GA=000025&Cmd=Go&Type=long&Dopt=CSV
29-1129,"Therapists, All Other",Healthcare practitioners,450.0,485.0,7.78,35.0,14.0,13.0,4.0,31.0,Bachelor's degree,72570.0,,Massachusetts,2024,2034,2025,2026-09-22,https://lmi.dua.eol.mass.gov/lmi/LongTermOccupationProjections/LTOPResultAll?A=01&GA=000025&Cmd=Go&Type=long&Dopt=CSV
29-1131,Veterinarians,Healthcare practitioners,1931.0,1991.0,3.11,60.0,30.0,17.0,6.0,53.0,Doctoral or professional degree,157520.0,29-1131.00,Massachusetts,2024,2034,2025,2026-09-22,https://lmi.dua.eol.mass.gov/lmi/LongTermOccupationProjections/LTOPResultAll?A=01&GA=000025&Cmd=Go&Type=long&Dopt=CSV
29-1141,Registered Nurses,Healthcare practitioners,91850.0,94854.0,3.27,3004.0,2631.0,2003.0,300.0,4934.0,Bachelor's degree,117960.0,29-1141.00,Massachusetts,2024,2034,2025,2026-09-22,https://lmi.dua.eol.mass.gov/lmi/LongTermOccupationProjections/LTOPResultAll?A=01&GA=000025&Cmd=Go&Type=long&Dopt=CSV
29-1151,Nurse Anesthetists,Healthcare practitioners,646.0,680.0,5.26,34.0,15.0,12.0,3.0,30.0,Master's degree,303310.0,29-1151.00,Massachusetts,2024,2034,2025,2026-09-22,https://lmi.dua.eol.mass.gov/lmi/LongTermOccupationProjections/LTOPResultAll?A=01&GA=000025&Cmd=Go&Type=long&Dopt=CSV
29-1161,Nurse Midwives,Healthcare practitioners,193.0,204.0,5.7,11.0,4.0,4.0,1.0,9.0,Master's degree,162420.0,29-1161.00,Massachusetts,2024,2034,2025,2026-09-22,https://lmi.dua.eol.mass.gov/lmi/LongTermOccupationProjections/LTOPResultAll?A=01&GA=000025&Cmd=Go&Type=long&Dopt=CSV
29-1171,Nurse Practitioners,Healthcare practitioners,9128.0,12328.0,35.06,3200.0,239.0,225.0,320.0,784.0,Master's degree,152320.0,29-1171.00,Massachusetts,2024,2034,2025,2026-09-22,https://lmi.dua.eol.mass.gov/lmi/LongTermOccupationProjections/LTOPResultAll?A=01&GA=000025&Cmd=Go&Type=long&Dopt=CSV
29-1181,Audiologists,Healthcare practitioners,229.0,237.0,3.49,8.0,6.0,2.0,1.0,9.0,Doctoral or professional degree,100890.0,29-1181.00,Massachusetts,2024,2034,2025,2026-09-22,https://lmi.dua.eol.mass.gov/lmi/LongTermOccupationProjections/LTOPResultAll?A=01&GA=000025&Cmd=Go&Type=long&Dopt=CSV
29-1211,Anesthesiologists,Healthcare practitioners,1634.0,1622.0,-0.73,-12.0,34.0,7.0,-1.0,40.0,Doctoral or professional degree,,29-1211.00,Massachusetts,2024,2034,2025,2026-09-22,https://lmi.dua.eol.mass.gov/lmi/LongTermOccupationProjections/LTOPResultAll?A=01&GA=000025&Cmd=Go&Type=long&Dopt=CSV
29-1212,Cardiologists,Healthcare practitioners,704.0,704.0,0.0,0.0,15.0,3.0,0.0,18.0,Doctoral or professional degree,,,Massachusetts,2024,2034,2025,2026-09-22,https://lmi.dua.eol.mass.gov/lmi/LongTermOccupationProjections/LTOPResultAll?A=01&GA=000025&Cmd=Go&Type=long&Dopt=CSV
29-1214,Emergency Medicine Physicians,Healthcare practitioners,788.0,787.0,-0.13,-1.0,16.0,3.0,0.0,19.0,Doctoral or professional degree,370880.0,29-1214.00,Massachusetts,2024,2034,2025,2026-09-22,https://lmi.dua.eol.mass.gov/lmi/LongTermOccupationProjections/LTOPResultAll?A=01&GA=000025&Cmd=Go&Type=long&Dopt=CSV
29-1215,Family Medicine Physicians,Healthcare practitioners,3772.0,3753.0,-0.5,-19.0,79.0,16.0,-2.0,93.0,Doctoral or professional degree,271340.0,29-1215.00,Massachusetts,2024,2034,2025,2026-09-22,https://lmi.dua.eol.mass.gov/lmi/LongTermOccupationProjections/LTOPResultAll?A=01&GA=000025&Cmd=Go&Type=long&Dopt=CSV
29-1216,General Internal Medicine Physicians,Healthcare practitioners,2119.0,2108.0,-0.52,-11.0,44.0,9.0,-1.0,52.0,Doctoral or professional degree,253080.0,29-1216.00,Massachusetts,2024,2034,2025,2026-09-22,https://lmi.dua.eol.mass.gov/lmi/LongTermOccupationProjections/LTOPResultAll?A=01&GA=000025&Cmd=Go&Type=long&Dopt=CSV
29-1217,Neurologists,Healthcare practitioners,310.0,318.0,2.58,8.0,7.0,1.0,1.0,9.0,Doctoral or professional degree,,29-1217.00,Massachusetts,2024,2034,2025,2026-09-22,https://lmi.dua.eol.mass.gov/lmi/LongTermOccupationProjections/LTOPResultAll?A=01&GA=000025&Cmd=Go&Type=long&Dopt=CSV
29-1218,Obstetricians and Gynecologists,Healthcare practitioners,586.0,572.0,-2.39,-14.0,12.0,2.0,-1.0,13.0,Doctoral or professional degree,289280.0,29-1218.00,Massachusetts,2024,2034,2025,2026-09-22,https://lmi.dua.eol.mass.gov/lmi/LongTermOccupationProjections/LTOPResultAll?A=01&GA=000025&Cmd=Go&Type=long&Dopt=CSV
29-1221,"Pediatricians, General",Healthcare practitioners,3123.0,3020.0,-3.3,-103.0,64.0,13.0,-10.0,67.0,Doctoral or professional degree,228920.0,29-1221.00,Massachusetts,2024,2034,2025,2026-09-22,https://lmi.dua.eol.mass.gov/lmi/LongTermOccupationProjections/LTOPResultAll?A=01&GA=000025&Cmd=Go&Type=long&Dopt=CSV
29-1222,"Physicians, Pathologists",Healthcare practitioners,292.0,297.0,1.71,5.0,6.0,1.0,0.0,7.0,Doctoral or professional degree,281410.0,29-1222.00,Massachusetts,2024,2034,2025,2026-09-22,https://lmi.dua.eol.mass.gov/lmi/LongTermOccupationProjections/LTOPResultAll?A=01&GA=000025&Cmd=Go&Type=long&Dopt=CSV
29-1223,Psychiatrists,Healthcare practitioners,1282.0,1327.0,3.51,45.0,27.0,6.0,4.0,37.0,Doctoral or professional degree,,29-1223.00,Massachusetts,2024,2034,2025,2026-09-22,https://lmi.dua.eol.mass.gov/lmi/LongTermOccupationProjections/LTOPResultAll?A=01&GA=000025&Cmd=Go&Type=long&Dopt=CSV
29-1229,"Physicians, All Other",Healthcare practitioners,8100.0,8161.0,0.75,61.0,170.0,34.0,6.0,210.0,Doctoral or professional degree,247150.0,,Massachusetts,2024,2034,2025,2026-09-22,https://lmi.dua.eol.mass.gov/lmi/LongTermOccupationProjections/LTOPResultAll?A=01&GA=000025&Cmd=Go&Type=long&Dopt=CSV
29-1241,"Ophthalmologists, Except Pediatric",Healthcare practitioners,611.0,611.0,0.0,0.0,10.0,2.0,0.0,12.0,Doctoral or professional degree,297280.0,29-1241.00,Massachusetts,2024,2034,2025,2026-09-22,https://lmi.dua.eol.mass.gov/lmi/LongTermOccupationProjections/LTOPResultAll?A=01&GA=000025&Cmd=Go&Type=long&Dopt=CSV
29-1242,"Orthopedic Surgeons, Except Pediatric",Healthcare practitioners,201.0,203.0,1.0,2.0,3.0,1.0,0.0,4.0,Doctoral or professional degree,368800.0,,Massachusetts,2024,2034,2025,2026-09-22,https://lmi.dua.eol.mass.gov/lmi/LongTermOccupationProjections/LTOPResultAll?A=01&GA=000025&Cmd=Go&Type=long&Dopt=CSV
29-1249,"Surgeons, All Other",Healthcare practitioners,555.0,564.0,1.62,9.0,9.0,2.0,1.0,12.0,Doctoral or professional degree,346190.0,,Massachusetts,2024,2034,2025,2026-09-22,https://lmi.dua.eol.mass.gov/lmi/LongTermOccupationProjections/LTOPResultAll?A=01&GA=000025&Cmd=Go&Type=long&Dopt=CSV
29-1291,Acupuncturists,Healthcare practitioners,156.0,157.0,0.64,1.0,6.0,2.0,0.0,8.0,Master's degree,102460.0,29-1291.00,Massachusetts,2024,2034,2025,2026-09-22,https://lmi.dua.eol.mass.gov/lmi/LongTermOccupationProjections/LTOPResultAll?A=01&GA=000025&Cmd=Go&Type=long&Dopt=CSV
29-1292,Dental Hygienists,Healthcare practitioners,6787.0,6914.0,1.87,127.0,255.0,154.0,13.0,422.0,Associate's degree,102160.0,29-1292.00,Massachusetts,2024,2034,2025,2026-09-22,https://lmi.dua.eol.mass.gov/lmi/LongTermOccupationProjections/LTOPResultAll?A=01&GA=000025&Cmd=Go&Type=long&Dopt=CSV
29-1299,"Healthcare Diagnosing or Treating Practitioners, All Other",Healthcare practitioners,583.0,601.0,3.09,18.0,20.0,12.0,2.0,34.0,Master's degree,110640.0,,Massachusetts,2024,2034,2025,2026-09-22,https://lmi.dua.eol.mass.gov/lmi/LongTermOccupationProjections/LTOPResultAll?A=01&GA=000025&Cmd=Go&Type=long&Dopt=CSV
29-2010,Clinical Laboratory Technologists and Technicians,Healthcare practitioners,12975.0,12861.0,-0.88,-114.0,400.0,401.0,-11.0,790.0,Bachelor's degree,77230.0,,Massachusetts,2024,2034,2025,2026-09-22,https://lmi.dua.eol.mass.gov/lmi/LongTermOccupationProjections/LTOPResultAll?A=01&GA=000025&Cmd=Go&Type=long&Dopt=CSV
29-2031,Cardiovascular Technologists and Technicians,Healthcare practitioners,1149.0,1163.0,1.22,14.0,32.0,31.0,1.0,64.0,Associate's degree,100280.0,29-2031.00,Massachusetts,2024,2034,2025,2026-09-22,https://lmi.dua.eol.mass.gov/lmi/LongTermOccupationProjections/LTOPResultAll?A=01&GA=000025&Cmd=Go&Type=long&Dopt=CSV
29-2032,Diagnostic Medical Sonographers,Healthcare practitioners,2232.0,2457.0,10.08,225.0,58.0,56.0,22.0,136.0,Associate's degree,113410.0,29-2032.00,Massachusetts,2024,2034,2025,2026-09-22,https://lmi.dua.eol.mass.gov/lmi/LongTermOccupationProjections/LTOPResultAll?A=01&GA=000025&Cmd=Go&Type=long&Dopt=CSV
29-2033,Nuclear Medicine Technologists,Healthcare practitioners,392.0,394.0,0.51,2.0,8.0,8.0,0.0,16.0,Associate's degree,117860.0,29-2033.00,Massachusetts,2024,2034,2025,2026-09-22,https://lmi.dua.eol.mass.gov/lmi/LongTermOccupationProjections/LTOPResultAll?A=01&GA=000025&Cmd=Go&Type=long&Dopt=CSV
29-2034,Radiologic Technologists and Technicians,Healthcare practitioners,5141.0,5173.0,0.62,32.0,142.0,122.0,3.0,267.0,Associate's degree,101910.0,29-2034.00,Massachusetts,2024,2034,2025,2026-09-22,https://lmi.dua.eol.mass.gov/lmi/LongTermOccupationProjections/LTOPResultAll?A=01&GA=000025&Cmd=Go&Type=long&Dopt=CSV
29-2035,Magnetic Resonance Imaging Technologists,Healthcare practitioners,1513.0,1554.0,2.71,41.0,39.0,36.0,4.0,79.0,Associate's degree,111980.0,29-2035.00,Massachusetts,2024,2034,2025,2026-09-22,https://lmi.dua.eol.mass.gov/lmi/LongTermOccupationProjections/LTOPResultAll?A=01&GA=000025&Cmd=Go&Type=long&Dopt=CSV
29-2042,Emergency Medical Technicians,Healthcare practitioners,4301.0,4386.0,1.98,85.0,103.0,205.0,8.0,316.0,Postsecondary non-degree award,52500.0,,Massachusetts,2024,2034,2025,2026-09-22,https://lmi.dua.eol.mass.gov/lmi/LongTermOccupationProjections/LTOPResultAll?A=01&GA=000025&Cmd=Go&Type=long&Dopt=CSV
29-2043,Paramedics,Healthcare practitioners,1902.0,1940.0,2.0,38.0,33.0,48.0,4.0,85.0,Postsecondary non-degree award,70260.0,29-2043.00,Massachusetts,2024,2034,2025,2026-09-22,https://lmi.dua.eol.mass.gov/lmi/LongTermOccupationProjections/LTOPResultAll?A=01&GA=000025&Cmd=Go&Type=long&Dopt=CSV
29-2051,Dietetic Technicians,Healthcare practitioners,874.0,908.0,3.89,34.0,50.0,63.0,3.0,116.0,Associate's degree,43420.0,29-2051.00,Massachusetts,2024,2034,2025,2026-09-22,https://lmi.dua.eol.mass.gov/lmi/LongTermOccupationProjections/LTOPResultAll?A=01&GA=000025&Cmd=Go&Type=long&Dopt=CSV
29-2052,Pharmacy Technicians,Healthcare practitioners,11942.0,12461.0,4.35,519.0,455.0,651.0,52.0,1158.0,High school diploma or equivalent,50680.0,29-2052.00,Massachusetts,2024,2034,2025,2026-09-22,https://lmi.dua.eol.mass.gov/lmi/LongTermOccupationProjections/LTOPResultAll?A=01&GA=000025&Cmd=Go&Type=long&Dopt=CSV
29-2053,Psychiatric Technicians,Healthcare practitioners,3572.0,4155.0,16.32,583.0,131.0,186.0,58.0,375.0,Postsecondary non-degree award,53840.0,29-2053.00,Massachusetts,2024,2034,2025,2026-09-22,https://lmi.dua.eol.mass.gov/lmi/LongTermOccupationProjections/LTOPResultAll?A=01&GA=000025&Cmd=Go&Type=long&Dopt=CSV
29-2055,Surgical Technologists,Healthcare practitioners,2313.0,2358.0,1.95,45.0,63.0,66.0,4.0,133.0,Postsecondary non-degree award,83820.0,29-2055.00,Massachusetts,2024,2034,2025,2026-09-22,https://lmi.dua.eol.mass.gov/lmi/LongTermOccupationProjections/LTOPResultAll?A=01&GA=000025&Cmd=Go&Type=long&Dopt=CSV
29-2056,Veterinary Technologists and Technicians,Healthcare practitioners,3937.0,4036.0,2.51,99.0,126.0,245.0,10.0,381.0,Associate's degree,53170.0,29-2056.00,Massachusetts,2024,2034,2025,2026-09-22,https://lmi.dua.eol.mass.gov/lmi/LongTermOccupationProjections/LTOPResultAll?A=01&GA=000025&Cmd=Go&Type=long&Dopt=CSV
29-2057,Ophthalmic Medical Technicians,Healthcare practitioners,3454.0,3954.0,14.48,500.0,207.0,262.0,50.0,519.0,Postsecondary non-degree award,55210.0,29-2057.00,Massachusetts,2024,2034,2025,2026-09-22,https://lmi.dua.eol.mass.gov/lmi/LongTermOccupationProjections/LTOPResultAll?A=01&GA=000025&Cmd=Go&Type=long&Dopt=CSV
29-2061,Licensed Practical and Licensed Vocational Nurses,Healthcare practitioners,15367.0,15820.0,2.95,453.0,647.0,598.0,45.0,1290.0,Postsecondary non-degree award,79270.0,29-2061.00,Massachusetts,2024,2034,2025,2026-09-22,https://lmi.dua.eol.mass.gov/lmi/LongTermOccupationProjections/LTOPResultAll?A=01&GA=000025&Cmd=Go&Type=long&Dopt=CSV
29-2072,Medical Records Specialists,Healthcare practitioners,3501.0,3648.0,4.2,147.0,125.0,103.0,15.0,243.0,Postsecondary non-degree award,61560.0,29-2072.00,Massachusetts,2024,2034,2025,2026-09-22,https://lmi.dua.eol.mass.gov/lmi/LongTermOccupationProjections/LTOPResultAll?A=01&GA=000025&Cmd=Go&Type=long&Dopt=CSV
29-2081,"Opticians, Dispensing",Healthcare practitioners,1421.0,1399.0,-1.55,-22.0,59.0,54.0,-2.0,111.0,High school diploma or equivalent,67520.0,29-2081.00,Massachusetts,2024,2034,2025,2026-09-22,https://lmi.dua.eol.mass.gov/lmi/LongTermOccupationProjections/LTOPResultAll?A=01&GA=000025&Cmd=Go&Type=long&Dopt=CSV
29-2091,Orthotists and Prosthetists,Healthcare practitioners,234.0,259.0,10.68,25.0,8.0,9.0,2.0,19.0,Master's degree,92770.0,29-2091.00,Massachusetts,2024,2034,2025,2026-09-22,https://lmi.dua.eol.mass.gov/lmi/LongTermOccupationProjections/LTOPResultAll?A=01&GA=000025&Cmd=Go&Type=long&Dopt=CSV
29-2092,Hearing Aid Specialists,Healthcare practitioners,202.0,229.0,13.37,27.0,7.0,8.0,3.0,18.0,High school diploma or equivalent,69780.0,29-2092.00,Massachusetts,2024,2034,2025,2026-09-22,https://lmi.dua.eol.mass.gov/lmi/LongTermOccupationProjections/LTOPResultAll?A=01&GA=000025&Cmd=Go&Type=long&Dopt=CSV
29-2099,"Health Technologists and Technicians, All Other",Healthcare practitioners,4498.0,4584.0,1.91,86.0,148.0,165.0,9.0,322.0,Postsecondary non-degree award,64120.0,,Massachusetts,2024,2034,2025,2026-09-22,https://lmi.dua.eol.mass.gov/lmi/LongTermOccupationProjections/LTOPResultAll?A=01&GA=000025&Cmd=Go&Type=long&Dopt=CSV
29-9021,Health Information Technologists and Medical Registrars,Healthcare practitioners,902.0,1003.0,11.2,101.0,28.0,27.0,10.0,65.0,Associate's degree,88600.0,,Massachusetts,2024,2034,2025,2026-09-22,https://lmi.dua.eol.mass.gov/lmi/LongTermOccupationProjections/LTOPResultAll?A=01&GA=000025&Cmd=Go&Type=long&Dopt=CSV
29-9091,Athletic Trainers,Healthcare practitioners,827.0,932.0,12.7,105.0,26.0,25.0,10.0,61.0,Master's degree,74390.0,29-9091.00,Massachusetts,2024,2034,2025,2026-09-22,https://lmi.dua.eol.mass.gov/lmi/LongTermOccupationProjections/LTOPResultAll?A=01&GA=000025&Cmd=Go&Type=long&Dopt=CSV
29-9092,Genetic Counselors,Healthcare practitioners,265.0,279.0,5.28,14.0,8.0,8.0,1.0,17.0,Master's degree,102680.0,29-9092.00,Massachusetts,2024,2034,2025,2026-09-22,https://lmi.dua.eol.mass.gov/lmi/LongTermOccupationProjections/LTOPResultAll?A=01&GA=000025&Cmd=Go&Type=long&Dopt=CSV
29-9093,Surgical Assistants,Healthcare practitioners,167.0,169.0,1.2,2.0,5.0,5.0,0.0,10.0,Postsecondary non-degree award,55190.0,29-9093.00,Massachusetts,2024,2034,2025,2026-09-22,https://lmi.dua.eol.mass.gov/lmi/LongTermOccupationProjections/LTOPResultAll?A=01&GA=000025&Cmd=Go&Type=long&Dopt=CSV
29-9099,"Healthcare Practitioners and Technical Workers, All Other",Healthcare practitioners,401.0,411.0,2.49,10.0,12.0,12.0,1.0,25.0,Postsecondary non-degree award,92980.0,,Massachusetts,2024,2034,2025,2026-09-22,https://lmi.dua.eol.mass.gov/lmi/LongTermOccupationProjections/LTOPResultAll?A=01&GA=000025&Cmd=Go&Type=long&Dopt=CSV
31-1120,Home Health and Personal Care Aides,Healthcare support,111380.0,125633.0,12.8,14253.0,10145.0,7234.0,1425.0,18804.0,High school diploma or equivalent,42080.0,,Massachusetts,2024,2034,2025,2026-09-22,https://lmi.dua.eol.mass.gov/lmi/LongTermOccupationProjections/LTOPResultAll?A=01&GA=000025&Cmd=Go&Type=long&Dopt=CSV
31-1131,Nursing Assistants,Healthcare support,39490.0,40956.0,3.71,1466.0,2657.0,2884.0,147.0,5688.0,Postsecondary non-degree award,47700.0,31-1131.00,Massachusetts,2024,2034,2025,2026-09-22,https://lmi.dua.eol.mass.gov/lmi/LongTermOccupationProjections/LTOPResultAll?A=01&GA=000025&Cmd=Go&Type=long&Dopt=CSV
31-1132,Orderlies,Healthcare support,1572.0,1601.0,1.84,29.0,92.0,127.0,3.0,222.0,High school diploma or equivalent,42420.0,31-1132.00,Massachusetts,2024,2034,2025,2026-09-22,https://lmi.dua.eol.mass.gov/lmi/LongTermOccupationProjections/LTOPResultAll?A=01&GA=000025&Cmd=Go&Type=long&Dopt=CSV
31-1133,Psychiatric Aides,Healthcare support,779.0,811.0,4.11,32.0,46.0,64.0,3.0,113.0,High school diploma or equivalent,50830.0,31-1133.00,Massachusetts,2024,2034,2025,2026-09-22,https://lmi.dua.eol.mass.gov/lmi/LongTermOccupationProjections/LTOPResultAll?A=01&GA=000025&Cmd=Go&Type=long&Dopt=CSV
31-2011,Occupational Therapy Assistants,Healthcare support,1538.0,1788.0,16.25,250.0,75.0,118.0,25.0,218.0,Associate's degree,68340.0,31-2011.00,Massachusetts,2024,2034,2025,2026-09-22,https://lmi.dua.eol.mass.gov/lmi/LongTermOccupationProjections/LTOPResultAll?A=01&GA=000025&Cmd=Go&Type=long&Dopt=CSV
31-2012,Occupational Therapy Aides,Healthcare support,264.0,270.0,2.27,6.0,12.0,19.0,1.0,32.0,High school diploma or equivalent,41220.0,31-2012.00,Massachusetts,2024,2034,2025,2026-09-22,https://lmi.dua.eol.mass.gov/lmi/LongTermOccupationProjections/LTOPResultAll?A=01&GA=000025&Cmd=Go&Type=long&Dopt=CSV
31-2021,Physical Therapist Assistants,Healthcare support,2410.0,2856.0,18.51,446.0,137.0,232.0,45.0,414.0,Associate's degree,76350.0,31-2021.00,Massachusetts,2024,2034,2025,2026-09-22,https://lmi.dua.eol.mass.gov/lmi/LongTermOccupationProjections/LTOPResultAll?A=01&GA=000025&Cmd=Go&Type=long&Dopt=CSV
31-2022,Physical Therapist Aides,Healthcare support,541.0,512.0,-5.36,-29.0,28.0,46.0,-3.0,71.0,High school diploma or equivalent,39830.0,31-2022.00,Massachusetts,2024,2034,2025,2026-09-22,https://lmi.dua.eol.mass.gov/lmi/LongTermOccupationProjections/LTOPResultAll?A=01&GA=000025&Cmd=Go&Type=long&Dopt=CSV
31-9011,Massage Therapists,Healthcare support,4289.0,4810.0,12.15,521.0,299.0,258.0,52.0,609.0,Postsecondary non-degree award,73100.0,31-9011.00,Massachusetts,2024,2034,2025,2026-09-22,https://lmi.dua.eol.mass.gov/lmi/LongTermOccupationProjections/LTOPResultAll?A=01&GA=000025&Cmd=Go&Type=long&Dopt=CSV
31-9091,Dental Assistants,Healthcare support,9275.0,9419.0,1.55,144.0,486.0,711.0,14.0,1211.0,Postsecondary non-degree award,56640.0,31-9091.00,Massachusetts,2024,2034,2025,2026-09-22,https://lmi.dua.eol.mass.gov/lmi/LongTermOccupationProjections/LTOPResultAll?A=01&GA=000025&Cmd=Go&Type=long&Dopt=CSV
31-9092,Medical Assistants,Healthcare support,16470.0,17957.0,9.03,1487.0,773.0,1269.0,149.0,2191.0,Postsecondary non-degree award,51850.0,31-9092.00,Massachusetts,2024,2034,2025,2026-09-22,https://lmi.dua.eol.mass.gov/lmi/LongTermOccupationProjections/LTOPResultAll?A=01&GA=000025&Cmd=Go&Type=long&Dopt=CSV
31-9093,Medical Equipment Preparers,Healthcare support,1788.0,1946.0,8.84,158.0,106.0,129.0,16.0,251.0,High school diploma or equivalent,57800.0,31-9093.00,Massachusetts,2024,2034,2025,2026-09-22,https://lmi.dua.eol.mass.gov/lmi/LongTermOccupationProjections/LTOPResultAll?A=01&GA=000025&Cmd=Go&Type=long&Dopt=CSV
31-9094,Medical Transcriptionists,Healthcare support,549.0,512.0,-6.74,-37.0,39.0,55.0,-4.0,90.0,Postsecondary non-degree award,40060.0,31-9094.00,Massachusetts,2024,2034,2025,2026-09-22,https://lmi.dua.eol.mass.gov/lmi/LongTermOccupationProjections/LTOPResultAll?A=01&GA=000025&Cmd=Go&Type=long&Dopt=CSV
31-9095,Pharmacy Aides,Healthcare support,332.0,331.0,-0.3,-1.0,18.0,31.0,0.0,49.0,High school diploma or equivalent,38650.0,31-9095.00,Massachusetts,2024,2034,2025,2026-09-22,https://lmi.dua.eol.mass.gov/lmi/LongTermOccupationProjections/LTOPResultAll?A=01&GA=000025&Cmd=Go&Type=long&Dopt=CSV
31-9096,Veterinary Assistants and Laboratory Animal Caretakers,Healthcare support,1468.0,1510.0,2.86,42.0,81.0,176.0,4.0,261.0,High school diploma or equivalent,48390.0,31-9096.00,Massachusetts,2024,2034,2025,2026-09-22,https://lmi.dua.eol.mass.gov/lmi/LongTermOccupationProjections/LTOPResultAll?A=01&GA=000025&Cmd=Go&Type=long&Dopt=CSV
31-9097,Phlebotomists,Healthcare support,2853.0,2908.0,1.93,55.0,144.0,209.0,6.0,359.0,Postsecondary non-degree award,52540.0,31-9097.00,Massachusetts,2024,2034,2025,2026-09-22,https://lmi.dua.eol.mass.gov/lmi/LongTermOccupationProjections/LTOPResultAll?A=01&GA=000025&Cmd=Go&Type=long&Dopt=CSV
31-9099,"Healthcare Support Workers, All Other",Healthcare support,1652.0,1711.0,3.57,59.0,95.0,116.0,6.0,217.0,High school diploma or equivalent,59020.0,,Massachusetts,2024,2034,2025,2026-09-22,https://lmi.dua.eol.mass.gov/lmi/LongTermOccupationProjections/LTOPResultAll?A=01&GA=000025&Cmd=Go&Type=long&Dopt=CSV
33-1011,First-Line Supervisors of Correctional Officers,Protective service,409.0,415.0,1.47,6.0,14.0,19.0,1.0,34.0,High school diploma or equivalent,105620.0,33-1011.00,Massachusetts,2024,2034,2025,2026-09-22,https://lmi.dua.eol.mass.gov/lmi/LongTermOccupationProjections/LTOPResultAll?A=01&GA=000025&Cmd=Go&Type=long&Dopt=CSV
33-1012,First-Line Supervisors of Police and Detectives,Protective service,5517.0,5801.0,5.15,284.0,144.0,219.0,28.0,391.0,High school diploma or equivalent,112480.0,33-1012.00,Massachusetts,2024,2034,2025,2026-09-22,https://lmi.dua.eol.mass.gov/lmi/LongTermOccupationProjections/LTOPResultAll?A=01&GA=000025&Cmd=Go&Type=long&Dopt=CSV
33-1021,First-Line Supervisors of Firefighting and Prevention Worker,Protective service,3274.0,3418.0,4.4,144.0,87.0,123.0,14.0,224.0,Postsecondary non-degree award,100680.0,33-1021.00,Massachusetts,2024,2034,2025,2026-09-22,https://lmi.dua.eol.mass.gov/lmi/LongTermOccupationProjections/LTOPResultAll?A=01&GA=000025&Cmd=Go&Type=long&Dopt=CSV
33-1091,First-line Supervisors of Security Workers,Protective service,1553.0,1616.0,4.06,63.0,63.0,85.0,6.0,154.0,High school diploma or equivalent,61260.0,33-1091.00,Massachusetts,2024,2034,2025,2026-09-22,https://lmi.dua.eol.mass.gov/lmi/LongTermOccupationProjections/LTOPResultAll?A=01&GA=000025&Cmd=Go&Type=long&Dopt=CSV
33-1099,"First-Line Supervisors of Protective Service Workers, All Ot",Protective service,329.0,342.0,3.95,13.0,13.0,18.0,1.0,32.0,High school diploma or equivalent,79340.0,,Massachusetts,2024,2034,2025,2026-09-22,https://lmi.dua.eol.mass.gov/lmi/LongTermOccupationProjections/LTOPResultAll?A=01&GA=000025&Cmd=Go&Type=long&Dopt=CSV
33-2011,Firefighters,Protective service,12017.0,12543.0,4.38,526.0,246.0,660.0,53.0,959.0,Postsecondary non-degree award,73220.0,33-2011.00,Massachusetts,2024,2034,2025,2026-09-22,https://lmi.dua.eol.mass.gov/lmi/LongTermOccupationProjections/LTOPResultAll?A=01&GA=000025&Cmd=Go&Type=long&Dopt=CSV
33-2021,Fire Inspectors and Investigators,Protective service,111.0,116.0,4.5,5.0,4.0,7.0,0.0,11.0,Postsecondary non-degree award,86180.0,33-2021.00,Massachusetts,2024,2034,2025,2026-09-22,https://lmi.dua.eol.mass.gov/lmi/LongTermOccupationProjections/LTOPResultAll?A=01&GA=000025&Cmd=Go&Type=long&Dopt=CSV
33-3011,Bailiffs,Protective service,1081.0,1096.0,1.39,15.0,60.0,48.0,2.0,110.0,High school diploma or equivalent,82910.0,33-3011.00,Massachusetts,2024,2034,2025,2026-09-22,https://lmi.dua.eol.mass.gov/lmi/LongTermOccupationProjections/LTOPResultAll?A=01&GA=000025&Cmd=Go&Type=long&Dopt=CSV
33-3012,Correctional Officers and Jailers,Protective service,6945.0,6671.0,-3.95,-274.0,228.0,377.0,-27.0,578.0,High school diploma or equivalent,82890.0,33-3012.00,Massachusetts,2024,2034,2025,2026-09-22,https://lmi.dua.eol.mass.gov/lmi/LongTermOccupationProjections/LTOPResultAll?A=01&GA=000025&Cmd=Go&Type=long&Dopt=CSV
33-3021,Detectives and Criminal Investigators,Protective service,1002.0,1033.0,3.09,31.0,22.0,46.0,3.0,71.0,High school diploma or equivalent,118130.0,33-3021.00,Massachusetts,2024,2034,2025,2026-09-22,https://lmi.dua.eol.mass.gov/lmi/LongTermOccupationProjections/LTOPResultAll?A=01&GA=000025&Cmd=Go&Type=long&Dopt=CSV
33-3041,Parking Enforcement Workers,Protective service,323.0,322.0,-0.31,-1.0,14.0,14.0,0.0,28.0,High school diploma or equivalent,53980.0,33-3041.00,Massachusetts,2024,2034,2025,2026-09-22,https://lmi.dua.eol.mass.gov/lmi/LongTermOccupationProjections/LTOPResultAll?A=01&GA=000025&Cmd=Go&Type=long&Dopt=CSV
33-3051,Police and Sheriff's Patrol Officers,Protective service,17553.0,18381.0,4.72,828.0,426.0,877.0,83.0,1386.0,High school diploma or equivalent,83230.0,33-3051.00,Massachusetts,2024,2034,2025,2026-09-22,https://lmi.dua.eol.mass.gov/lmi/LongTermOccupationProjections/LTOPResultAll?A=01&GA=000025&Cmd=Go&Type=long&Dopt=CSV
33-9011,Animal Control Workers,Protective service,313.0,328.0,4.79,15.0,13.0,20.0,2.0,35.0,High school diploma or equivalent,61860.0,33-9011.00,Massachusetts,2024,2034,2025,2026-09-22,https://lmi.dua.eol.mass.gov/lmi/LongTermOccupationProjections/LTOPResultAll?A=01&GA=000025&Cmd=Go&Type=long&Dopt=CSV
33-9021,Private Detectives and Investigators,Protective service,532.0,565.0,6.2,33.0,18.0,27.0,3.0,48.0,High school diploma or equivalent,70110.0,33-9021.00,Massachusetts,2024,2034,2025,2026-09-22,https://lmi.dua.eol.mass.gov/lmi/LongTermOccupationProjections/LTOPResultAll?A=01&GA=000025&Cmd=Go&Type=long&Dopt=CSV
33-9032,Security Guards,Protective service,23891.0,24218.0,1.37,327.0,1221.0,1832.0,33.0,3086.0,High school diploma or equivalent,44760.0,33-9032.00,Massachusetts,2024,2034,2025,2026-09-22,https://lmi.dua.eol.mass.gov/lmi/LongTermOccupationProjections/LTOPResultAll?A=01&GA=000025&Cmd=Go&Type=long&Dopt=CSV
33-9091,Crossing Guards and Flaggers,Protective service,1275.0,1314.0,3.06,39.0,177.0,68.0,4.0,249.0,No formal educational credential,54410.0,33-9091.00,Massachusetts,2024,2034,2025,2026-09-22,https://lmi.dua.eol.mass.gov/lmi/LongTermOccupationProjections/LTOPResultAll?A=01&GA=000025&Cmd=Go&Type=long&Dopt=CSV
33-9092,"Lifeguards, Ski Patrol, and Other Recreational Protective Se",Protective service,2373.0,2565.0,8.09,192.0,344.0,327.0,19.0,690.0,No formal educational credential,37930.0,33-9092.00,Massachusetts,2024,2034,2025,2026-09-22,https://lmi.dua.eol.mass.gov/lmi/LongTermOccupationProjections/LTOPResultAll?A=01&GA=000025&Cmd=Go&Type=long&Dopt=CSV
33-9093,Transportation Security Screeners,Protective service,786.0,779.0,-0.89,-7.0,41.0,41.0,-1.0,81.0,High school diploma or equivalent,70950.0,33-9093.00,Massachusetts,2024,2034,2025,2026-09-22,https://lmi.dua.eol.mass.gov/lmi/LongTermOccupationProjections/LTOPResultAll?A=01&GA=000025&Cmd=Go&Type=long&Dopt=CSV
33-9094,School Bus Monitors,Protective service,2168.0,2267.0,4.57,99.0,277.0,127.0,10.0,414.0,High school diploma or equivalent,37340.0,33-9094.00,Massachusetts,2024,2034,2025,2026-09-22,https://lmi.dua.eol.mass.gov/lmi/LongTermOccupationProjections/LTOPResultAll?A=01&GA=000025&Cmd=Go&Type=long&Dopt=CSV
33-9099,"Protective Service Workers, All Other",Protective service,496.0,534.0,7.66,38.0,72.0,68.0,4.0,144.0,High school diploma or equivalent,53850.0,,Massachusetts,2024,2034,2025,2026-09-22,https://lmi.dua.eol.mass.gov/lmi/LongTermOccupationProjections/LTOPResultAll?A=01&GA=000025&Cmd=Go&Type=long&Dopt=CSV
35-1011,Chefs and Head Cooks,Food service,5722.0,6161.0,7.67,439.0,204.0,464.0,44.0,712.0,High school diploma or equivalent,73420.0,35-1011.00,Massachusetts,2024,2034,2025,2026-09-22,https://lmi.dua.eol.mass.gov/lmi/LongTermOccupationProjections/LTOPResultAll?A=01&GA=000025&Cmd=Go&Type=long&Dopt=CSV
35-1012,First-Line Supervisors of Food Preparation and Serving Worke,Food service,23822.0,25176.0,5.68,1354.0,1226.0,2231.0,135.0,3592.0,High school diploma or equivalent,52600.0,35-1012.00,Massachusetts,2024,2034,2025,2026-09-22,https://lmi.dua.eol.mass.gov/lmi/LongTermOccupationProjections/LTOPResultAll?A=01&GA=000025&Cmd=Go&Type=long&Dopt=CSV
35-2011,"Cooks, Fast Food",Food service,5146.0,4437.0,-13.78,-709.0,322.0,377.0,-71.0,628.0,No formal educational credential,40080.0,35-2011.00,Massachusetts,2024,2034,2025,2026-09-22,https://lmi.dua.eol.mass.gov/lmi/LongTermOccupationProjections/LTOPResultAll?A=01&GA=000025&Cmd=Go&Type=long&Dopt=CSV
35-2012,"Cooks, Institution and Cafeteria",Food service,7522.0,7874.0,4.68,352.0,518.0,606.0,35.0,1159.0,No formal educational credential,48750.0,35-2012.00,Massachusetts,2024,2034,2025,2026-09-22,https://lmi.dua.eol.mass.gov/lmi/LongTermOccupationProjections/LTOPResultAll?A=01&GA=000025&Cmd=Go&Type=long&Dopt=CSV
35-2013,"Cooks, Private Household",Food service,418.0,498.0,19.14,80.0,31.0,36.0,8.0,75.0,Postsecondary non-degree award,,35-2013.00,Massachusetts,2024,2034,2025,2026-09-22,https://lmi.dua.eol.mass.gov/lmi/LongTermOccupationProjections/LTOPResultAll?A=01&GA=000025&Cmd=Go&Type=long&Dopt=CSV
35-2014,"Cooks, Restaurant",Food service,31744.0,36268.0,14.25,4524.0,2287.0,2678.0,452.0,5417.0,No formal educational credential,45450.0,35-2014.00,Massachusetts,2024,2034,2025,2026-09-22,https://lmi.dua.eol.mass.gov/lmi/LongTermOccupationProjections/LTOPResultAll?A=01&GA=000025&Cmd=Go&Type=long&Dopt=CSV
35-2015,"Cooks, Short Order",Food service,4109.0,3847.0,-6.38,-262.0,268.0,313.0,-26.0,555.0,No formal educational credential,42700.0,35-2015.00,Massachusetts,2024,2034,2025,2026-09-22,https://lmi.dua.eol.mass.gov/lmi/LongTermOccupationProjections/LTOPResultAll?A=01&GA=000025&Cmd=Go&Type=long&Dopt=CSV
35-2019,"Cooks, All Other",Food service,241.0,254.0,5.39,13.0,17.0,20.0,1.0,38.0,No formal educational credential,66760.0,,Massachusetts,2024,2034,2025,2026-09-22,https://lmi.dua.eol.mass.gov/lmi/LongTermOccupationProjections/LTOPResultAll?A=01&GA=000025&Cmd=Go&Type=long&Dopt=CSV
35-2021,Food Preparation Workers,Food service,14967.0,14636.0,-2.21,-331.0,1244.0,1276.0,-33.0,2487.0,No formal educational credential,41030.0,35-2021.00,Massachusetts,2024,2034,2025,2026-09-22,https://lmi.dua.eol.mass.gov/lmi/LongTermOccupationProjections/LTOPResultAll?A=01&GA=000025&Cmd=Go&Type=long&Dopt=CSV
35-3011,Bartenders,Food service,21293.0,22484.0,5.59,1191.0,1133.0,2381.0,119.0,3633.0,No formal educational credential,45120.0,35-3011.00,Massachusetts,2024,2034,2025,2026-09-22,https://lmi.dua.eol.mass.gov/lmi/LongTermOccupationProjections/LTOPResultAll?A=01&GA=000025&Cmd=Go&Type=long&Dopt=CSV
35-3023,Fast Food and Counter Workers,Food service,81716.0,86327.0,5.64,4611.0,8651.0,10267.0,461.0,19379.0,No formal educational credential,35880.0,35-3023.00,Massachusetts,2024,2034,2025,2026-09-22,https://lmi.dua.eol.mass.gov/lmi/LongTermOccupationProjections/LTOPResultAll?A=01&GA=000025&Cmd=Go&Type=long&Dopt=CSV
35-3031,Waiters and Waitresses,Food service,50759.0,50324.0,-0.86,-435.0,4164.0,5815.0,-44.0,9935.0,No formal educational credential,44480.0,35-3031.00,Massachusetts,2024,2034,2025,2026-09-22,https://lmi.dua.eol.mass.gov/lmi/LongTermOccupationProjections/LTOPResultAll?A=01&GA=000025&Cmd=Go&Type=long&Dopt=CSV
35-3041,"Food Servers, Nonrestaurant",Food service,6274.0,6681.0,6.49,407.0,545.0,543.0,41.0,1129.0,No formal educational credential,38520.0,35-3041.00,Massachusetts,2024,2034,2025,2026-09-22,https://lmi.dua.eol.mass.gov/lmi/LongTermOccupationProjections/LTOPResultAll?A=01&GA=000025&Cmd=Go&Type=long&Dopt=CSV
35-9021,Dishwashers,Food service,12926.0,12948.0,0.17,22.0,1041.0,1035.0,2.0,2078.0,No formal educational credential,39100.0,35-9021.00,Massachusetts,2024,2034,2025,2026-09-22,https://lmi.dua.eol.mass.gov/lmi/LongTermOccupationProjections/LTOPResultAll?A=01&GA=000025&Cmd=Go&Type=long&Dopt=CSV
35-9031,"Hosts and Hostesses, Restaurant, Lounge, and Coffee Shop",Food service,11323.0,11029.0,-2.6,-294.0,1490.0,1348.0,-29.0,2809.0,No formal educational credential,35420.0,35-9031.00,Massachusetts,2024,2034,2025,2026-09-22,https://lmi.dua.eol.mass.gov/lmi/LongTermOccupationProjections/LTOPResultAll?A=01&GA=000025&Cmd=Go&Type=long&Dopt=CSV
37-1011,First-Line Supervisors of Housekeeping and Janitorial Worker,Building & grounds,4733.0,4914.0,3.82,181.0,251.0,321.0,18.0,590.0,High school diploma or equivalent,60000.0,37-1011.00,Massachusetts,2024,2034,2025,2026-09-22,https://lmi.dua.eol.mass.gov/lmi/LongTermOccupationProjections/LTOPResultAll?A=01&GA=000025&Cmd=Go&Type=long&Dopt=CSV
37-1012,"First-Line Supervisors of Landscaping, Lawn Service, and Gro",Building & grounds,3982.0,4102.0,3.01,120.0,143.0,261.0,12.0,416.0,High school diploma or equivalent,69750.0,37-1012.00,Massachusetts,2024,2034,2025,2026-09-22,https://lmi.dua.eol.mass.gov/lmi/LongTermOccupationProjections/LTOPResultAll?A=01&GA=000025&Cmd=Go&Type=long&Dopt=CSV
37-2011,"Janitors and Cleaners, Except Maids and Housekeeping Cleaner",Building & grounds,58527.0,60193.0,2.85,1666.0,4191.0,4132.0,167.0,8490.0,No formal educational credential,45250.0,37-2011.00,Massachusetts,2024,2034,2025,2026-09-22,https://lmi.dua.eol.mass.gov/lmi/LongTermOccupationProjections/LTOPResultAll?A=01&GA=000025&Cmd=Go&Type=long&Dopt=CSV
37-2012,Maids and Housekeeping Cleaners,Building & grounds,21392.0,22104.0,3.33,712.0,1680.0,1404.0,71.0,3155.0,No formal educational credential,42390.0,37-2012.00,Massachusetts,2024,2034,2025,2026-09-22,https://lmi.dua.eol.mass.gov/lmi/LongTermOccupationProjections/LTOPResultAll?A=01&GA=000025&Cmd=Go&Type=long&Dopt=CSV
37-3011,Landscaping and Groundskeeping Workers,Building & grounds,25581.0,26558.0,3.82,977.0,1332.0,1975.0,98.0,3405.0,No formal educational credential,50540.0,37-3011.00,Massachusetts,2024,2034,2025,2026-09-22,https://lmi.dua.eol.mass.gov/lmi/LongTermOccupationProjections/LTOPResultAll?A=01&GA=000025&Cmd=Go&Type=long&Dopt=CSV
39-1013,First-Line Supervisors of Gambling Services Workers,Personal care,348.0,368.0,5.75,20.0,14.0,22.0,2.0,38.0,High school diploma or equivalent,,39-1013.00,Massachusetts,2024,2034,2025,2026-09-22,https://lmi.dua.eol.mass.gov/lmi/LongTermOccupationProjections/LTOPResultAll?A=01&GA=000025&Cmd=Go&Type=long&Dopt=CSV
39-1014,First-line Supervisors of Entertainment And Recreation Worke,Personal care,2819.0,3001.0,6.46,182.0,111.0,178.0,18.0,307.0,High school diploma or equivalent,60790.0,39-1014.00,Massachusetts,2024,2034,2025,2026-09-22,https://lmi.dua.eol.mass.gov/lmi/LongTermOccupationProjections/LTOPResultAll?A=01&GA=000025&Cmd=Go&Type=long&Dopt=CSV
39-1022,First-line Supervisors of Personal Service Workers,Personal care,3015.0,3230.0,7.13,215.0,119.0,192.0,22.0,333.0,High school diploma or equivalent,58330.0,39-1022.00,Massachusetts,2024,2034,2025,2026-09-22,https://lmi.dua.eol.mass.gov/lmi/LongTermOccupationProjections/LTOPResultAll?A=01&GA=000025&Cmd=Go&Type=long&Dopt=CSV
39-2011,Animal Trainers,Personal care,487.0,524.0,7.6,37.0,25.0,47.0,4.0,76.0,High school diploma or equivalent,49390.0,39-2011.00,Massachusetts,2024,2034,2025,2026-09-22,https://lmi.dua.eol.mass.gov/lmi/LongTermOccupationProjections/LTOPResultAll?A=01&GA=000025&Cmd=Go&Type=long&Dopt=CSV
39-2021,Animal Caretakers,Personal care,10021.0,11416.0,13.92,1395.0,662.0,1138.0,140.0,1940.0,High school diploma or equivalent,45080.0,39-2021.00,Massachusetts,2024,2034,2025,2026-09-22,https://lmi.dua.eol.mass.gov/lmi/LongTermOccupationProjections/LTOPResultAll?A=01&GA=000025&Cmd=Go&Type=long&Dopt=CSV
39-3031,"Ushers, Lobby Attendants, and Ticket Takers",Personal care,2876.0,2809.0,-2.33,-67.0,323.0,390.0,-7.0,706.0,No formal educational credential,35430.0,39-3031.00,Massachusetts,2024,2034,2025,2026-09-22,https://lmi.dua.eol.mass.gov/lmi/LongTermOccupationProjections/LTOPResultAll?A=01&GA=000025&Cmd=Go&Type=long&Dopt=CSV
39-3091,Amusement and Recreation Attendants,Personal care,4621.0,4853.0,5.02,232.0,504.0,696.0,23.0,1223.0,No formal educational credential,35690.0,39-3091.00,Massachusetts,2024,2034,2025,2026-09-22,https://lmi.dua.eol.mass.gov/lmi/LongTermOccupationProjections/LTOPResultAll?A=01&GA=000025&Cmd=Go&Type=long&Dopt=CSV
39-3092,Costume Attendants,Personal care,129.0,138.0,6.98,9.0,14.0,20.0,1.0,35.0,High school diploma or equivalent,53390.0,39-3092.00,Massachusetts,2024,2034,2025,2026-09-22,https://lmi.dua.eol.mass.gov/lmi/LongTermOccupationProjections/LTOPResultAll?A=01&GA=000025&Cmd=Go&Type=long&Dopt=CSV
39-3093,"Locker Room, Coatroom, and Dressing Room Attendants",Personal care,240.0,259.0,7.92,19.0,26.0,37.0,2.0,65.0,High school diploma or equivalent,41910.0,39-3093.00,Massachusetts,2024,2034,2025,2026-09-22,https://lmi.dua.eol.mass.gov/lmi/LongTermOccupationProjections/LTOPResultAll?A=01&GA=000025&Cmd=Go&Type=long&Dopt=CSV
39-4021,Funeral Attendants,Personal care,670.0,675.0,0.75,5.0,65.0,49.0,0.0,114.0,High school diploma or equivalent,46990.0,39-4021.00,Massachusetts,2024,2034,2025,2026-09-22,https://lmi.dua.eol.mass.gov/lmi/LongTermOccupationProjections/LTOPResultAll?A=01&GA=000025&Cmd=Go&Type=long&Dopt=CSV
39-4031,"Morticians, Undertakers, and Funeral Arrangers",Personal care,619.0,624.0,0.81,5.0,23.0,46.0,0.0,69.0,Associate's degree,64870.0,39-4031.00,Massachusetts,2024,2034,2025,2026-09-22,https://lmi.dua.eol.mass.gov/lmi/LongTermOccupationProjections/LTOPResultAll?A=01&GA=000025&Cmd=Go&Type=long&Dopt=CSV
39-5012,"Hairdressers, Hairstylists, and Cosmetologists",Personal care,17528.0,18143.0,3.51,615.0,992.0,1198.0,62.0,2252.0,Postsecondary non-degree award,49700.0,39-5012.00,Massachusetts,2024,2034,2025,2026-09-22,https://lmi.dua.eol.mass.gov/lmi/LongTermOccupationProjections/LTOPResultAll?A=01&GA=000025&Cmd=Go&Type=long&Dopt=CSV
39-5092,Manicurists and Pedicurists,Personal care,7478.0,7816.0,4.52,338.0,364.0,456.0,34.0,854.0,Postsecondary non-degree award,38750.0,39-5092.00,Massachusetts,2024,2034,2025,2026-09-22,https://lmi.dua.eol.mass.gov/lmi/LongTermOccupationProjections/LTOPResultAll?A=01&GA=000025&Cmd=Go&Type=long&Dopt=CSV
39-5094,Skincare Specialists,Personal care,1360.0,1419.0,4.34,59.0,69.0,122.0,6.0,197.0,Postsecondary non-degree award,48890.0,39-5094.00,Massachusetts,2024,2034,2025,2026-09-22,https://lmi.dua.eol.mass.gov/lmi/LongTermOccupationProjections/LTOPResultAll?A=01&GA=000025&Cmd=Go&Type=long&Dopt=CSV
39-6011,Baggage Porters and Bellhops,Personal care,707.0,694.0,-1.84,-13.0,41.0,61.0,-1.0,101.0,High school diploma or equivalent,42900.0,39-6011.00,Massachusetts,2024,2034,2025,2026-09-22,https://lmi.dua.eol.mass.gov/lmi/LongTermOccupationProjections/LTOPResultAll?A=01&GA=000025&Cmd=Go&Type=long&Dopt=CSV
39-6012,Concierges,Personal care,1360.0,1350.0,-0.74,-10.0,80.0,117.0,-1.0,196.0,High school diploma or equivalent,45100.0,39-6012.00,Massachusetts,2024,2034,2025,2026-09-22,https://lmi.dua.eol.mass.gov/lmi/LongTermOccupationProjections/LTOPResultAll?A=01&GA=000025&Cmd=Go&Type=long&Dopt=CSV
39-7010,Tour and Travel Guides,Personal care,1614.0,1784.0,10.53,170.0,158.0,208.0,17.0,383.0,High school diploma or equivalent,40620.0,,Massachusetts,2024,2034,2025,2026-09-22,https://lmi.dua.eol.mass.gov/lmi/LongTermOccupationProjections/LTOPResultAll?A=01&GA=000025&Cmd=Go&Type=long&Dopt=CSV
39-9011,Childcare Workers,Personal care,17556.0,17120.0,-2.48,-436.0,1325.0,1570.0,-44.0,2851.0,High school diploma or equivalent,42580.0,39-9011.00,Massachusetts,2024,2034,2025,2026-09-22,https://lmi.dua.eol.mass.gov/lmi/LongTermOccupationProjections/LTOPResultAll?A=01&GA=000025&Cmd=Go&Type=long&Dopt=CSV
39-9031,Exercise Trainers and Group Fitness Instructors,Personal care,13035.0,14863.0,14.02,1828.0,845.0,1636.0,183.0,2664.0,High school diploma or equivalent,72370.0,39-9031.00,Massachusetts,2024,2034,2025,2026-09-22,https://lmi.dua.eol.mass.gov/lmi/LongTermOccupationProjections/LTOPResultAll?A=01&GA=000025&Cmd=Go&Type=long&Dopt=CSV
39-9032,Recreation Workers,Personal care,10903.0,11670.0,7.03,767.0,813.0,1439.0,77.0,2329.0,High school diploma or equivalent,41320.0,39-9032.00,Massachusetts,2024,2034,2025,2026-09-22,https://lmi.dua.eol.mass.gov/lmi/LongTermOccupationProjections/LTOPResultAll?A=01&GA=000025&Cmd=Go&Type=long&Dopt=CSV
41-1011,First-Line Supervisors of Retail Sales Workers,Sales,27649.0,27102.0,-1.98,-547.0,1046.0,1548.0,-55.0,2539.0,High school diploma or equivalent,59510.0,41-1011.00,Massachusetts,2024,2034,2025,2026-09-22,https://lmi.dua.eol.mass.gov/lmi/LongTermOccupationProjections/LTOPResultAll?A=01&GA=000025&Cmd=Go&Type=long&Dopt=CSV
41-1012,First-Line Supervisors of Non-Retail Sales Workers,Sales,8905.0,8697.0,-2.34,-208.0,281.0,402.0,-21.0,662.0,High school diploma or equivalent,119760.0,41-1012.00,Massachusetts,2024,2034,2025,2026-09-22,https://lmi.dua.eol.mass.gov/lmi/LongTermOccupationProjections/LTOPResultAll?A=01&GA=000025&Cmd=Go&Type=long&Dopt=CSV
41-2011,Cashiers,Sales,61920.0,57499.0,-7.14,-4421.0,5840.0,5583.0,-442.0,10981.0,No formal educational credential,36860.0,41-2011.00,Massachusetts,2024,2034,2025,2026-09-22,https://lmi.dua.eol.mass.gov/lmi/LongTermOccupationProjections/LTOPResultAll?A=01&GA=000025&Cmd=Go&Type=long&Dopt=CSV
41-2012,Gambling Change Persons and Booth Cashiers,Sales,130.0,125.0,-3.85,-5.0,12.0,12.0,0.0,24.0,No formal educational credential,,41-2012.00,Massachusetts,2024,2034,2025,2026-09-22,https://lmi.dua.eol.mass.gov/lmi/LongTermOccupationProjections/LTOPResultAll?A=01&GA=000025&Cmd=Go&Type=long&Dopt=CSV
41-2021,Counter and Rental Clerks,Sales,5864.0,6071.0,3.53,207.0,287.0,354.0,21.0,662.0,No formal educational credential,47010.0,41-2021.00,Massachusetts,2024,2034,2025,2026-09-22,https://lmi.dua.eol.mass.gov/lmi/LongTermOccupationProjections/LTOPResultAll?A=01&GA=000025&Cmd=Go&Type=long&Dopt=CSV
41-2022,Parts Salespersons,Sales,4494.0,4655.0,3.58,161.0,202.0,284.0,16.0,502.0,No formal educational credential,49330.0,41-2022.00,Massachusetts,2024,2034,2025,2026-09-22,https://lmi.dua.eol.mass.gov/lmi/LongTermOccupationProjections/LTOPResultAll?A=01&GA=000025&Cmd=Go&Type=long&Dopt=CSV
41-2031,Retail Salespersons,Sales,89836.0,91588.0,1.95,1752.0,6043.0,6842.0,175.0,13060.0,No formal educational credential,39970.0,41-2031.00,Massachusetts,2024,2034,2025,2026-09-22,https://lmi.dua.eol.mass.gov/lmi/LongTermOccupationProjections/LTOPResultAll?A=01&GA=000025&Cmd=Go&Type=long&Dopt=CSV
41-3011,Advertising Sales Agents,Sales,1987.0,1836.0,-7.6,-151.0,61.0,130.0,-15.0,176.0,High school diploma or equivalent,90640.0,41-3011.00,Massachusetts,2024,2034,2025,2026-09-22,https://lmi.dua.eol.mass.gov/lmi/LongTermOccupationProjections/LTOPResultAll?A=01&GA=000025&Cmd=Go&Type=long&Dopt=CSV
41-3021,Insurance Sales Agents,Sales,12044.0,11627.0,-3.46,-417.0,423.0,494.0,-42.0,875.0,High school diploma or equivalent,103070.0,41-3021.00,Massachusetts,2024,2034,2025,2026-09-22,https://lmi.dua.eol.mass.gov/lmi/LongTermOccupationProjections/LTOPResultAll?A=01&GA=000025&Cmd=Go&Type=long&Dopt=CSV
41-3031,"Securities, Commodities, and Financial Services Sales Agents",Sales,14241.0,13940.0,-2.11,-301.0,360.0,622.0,-30.0,952.0,Bachelor's degree,124600.0,41-3031.00,Massachusetts,2024,2034,2025,2026-09-22,https://lmi.dua.eol.mass.gov/lmi/LongTermOccupationProjections/LTOPResultAll?A=01&GA=000025&Cmd=Go&Type=long&Dopt=CSV
41-3041,Travel Agents,Sales,2019.0,2048.0,1.44,29.0,96.0,118.0,3.0,217.0,High school diploma or equivalent,58810.0,41-3041.00,Massachusetts,2024,2034,2025,2026-09-22,https://lmi.dua.eol.mass.gov/lmi/LongTermOccupationProjections/LTOPResultAll?A=01&GA=000025&Cmd=Go&Type=long&Dopt=CSV
41-3091,"Sales Representatives of Services, Except Advertising, Insur",Sales,33015.0,33493.0,1.45,478.0,996.0,2187.0,48.0,3231.0,High school diploma or equivalent,98380.0,41-3091.00,Massachusetts,2024,2034,2025,2026-09-22,https://lmi.dua.eol.mass.gov/lmi/LongTermOccupationProjections/LTOPResultAll?A=01&GA=000025&Cmd=Go&Type=long&Dopt=CSV
41-4011,"Sales Representatives, Wholesale and Manufacturing, Technica",Sales,10214.0,10004.0,-2.06,-210.0,344.0,537.0,-21.0,860.0,Bachelor's degree,121440.0,41-4011.00,Massachusetts,2024,2034,2025,2026-09-22,https://lmi.dua.eol.mass.gov/lmi/LongTermOccupationProjections/LTOPResultAll?A=01&GA=000025&Cmd=Go&Type=long&Dopt=CSV
41-4012,"Sales Representatives, Wholesale and Manufacturing, Except T",Sales,24956.0,24637.0,-1.28,-319.0,843.0,1318.0,-32.0,2129.0,High school diploma or equivalent,93750.0,41-4012.00,Massachusetts,2024,2034,2025,2026-09-22,https://lmi.dua.eol.mass.gov/lmi/LongTermOccupationProjections/LTOPResultAll?A=01&GA=000025&Cmd=Go&Type=long&Dopt=CSV
41-9011,Demonstrators and Product Promoters,Sales,1025.0,1013.0,-1.17,-12.0,106.0,74.0,-1.0,179.0,No formal educational credential,51220.0,41-9011.00,Massachusetts,2024,2034,2025,2026-09-22,https://lmi.dua.eol.mass.gov/lmi/LongTermOccupationProjections/LTOPResultAll?A=01&GA=000025&Cmd=Go&Type=long&Dopt=CSV
41-9031,Sales Engineers,Sales,3148.0,3103.0,-1.43,-45.0,74.0,175.0,-4.0,245.0,Bachelor's degree,135380.0,41-9031.00,Massachusetts,2024,2034,2025,2026-09-22,https://lmi.dua.eol.mass.gov/lmi/LongTermOccupationProjections/LTOPResultAll?A=01&GA=000025&Cmd=Go&Type=long&Dopt=CSV
41-9041,Telemarketers,Sales,452.0,372.0,-17.7,-80.0,21.0,34.0,-8.0,47.0,No formal educational credential,45740.0,41-9041.00,Massachusetts,2024,2034,2025,2026-09-22,https://lmi.dua.eol.mass.gov/lmi/LongTermOccupationProjections/LTOPResultAll?A=01&GA=000025&Cmd=Go&Type=long&Dopt=CSV
41-9099,"Sales and Related Workers, All Other",Sales,1685.0,1739.0,3.2,54.0,91.0,122.0,5.0,218.0,High school diploma or equivalent,59720.0,,Massachusetts,2024,2034,2025,2026-09-22,https://lmi.dua.eol.mass.gov/lmi/LongTermOccupationProjections/LTOPResultAll?A=01&GA=000025&Cmd=Go&Type=long&Dopt=CSV
43-1011,First-Line Supervisors of Office and Administrative Support ,Office & administration,39941.0,39185.0,-1.89,-756.0,1602.0,2082.0,-76.0,3608.0,High school diploma or equivalent,79530.0,43-1011.00,Massachusetts,2024,2034,2025,2026-09-22,https://lmi.dua.eol.mass.gov/lmi/LongTermOccupationProjections/LTOPResultAll?A=01&GA=000025&Cmd=Go&Type=long&Dopt=CSV
43-2011,"Switchboard Operators, Including Answering Service",Office & administration,1023.0,740.0,-27.66,-283.0,51.0,52.0,-28.0,75.0,High school diploma or equivalent,45190.0,43-2011.00,Massachusetts,2024,2034,2025,2026-09-22,https://lmi.dua.eol.mass.gov/lmi/LongTermOccupationProjections/LTOPResultAll?A=01&GA=000025&Cmd=Go&Type=long&Dopt=CSV
43-3011,Bill and Account Collectors,Office & administration,2338.0,2086.0,-10.78,-252.0,100.0,116.0,-25.0,191.0,High school diploma or equivalent,59710.0,43-3011.00,Massachusetts,2024,2034,2025,2026-09-22,https://lmi.dua.eol.mass.gov/lmi/LongTermOccupationProjections/LTOPResultAll?A=01&GA=000025&Cmd=Go&Type=long&Dopt=CSV
43-3021,Billing and Posting Clerks,Office & administration,8370.0,8162.0,-2.49,-208.0,373.0,444.0,-21.0,796.0,High school diploma or equivalent,57160.0,43-3021.00,Massachusetts,2024,2034,2025,2026-09-22,https://lmi.dua.eol.mass.gov/lmi/LongTermOccupationProjections/LTOPResultAll?A=01&GA=000025&Cmd=Go&Type=long&Dopt=CSV
43-3031,"Bookkeeping, Accounting, and Auditing Clerks",Office & administration,32564.0,30346.0,-6.81,-2218.0,2023.0,1579.0,-222.0,3380.0,"Some college, no degree",60460.0,43-3031.00,Massachusetts,2024,2034,2025,2026-09-22,https://lmi.dua.eol.mass.gov/lmi/LongTermOccupationProjections/LTOPResultAll?A=01&GA=000025&Cmd=Go&Type=long&Dopt=CSV
43-3051,Payroll and Timekeeping Clerks,Office & administration,3456.0,2872.0,-16.9,-584.0,172.0,165.0,-58.0,279.0,High school diploma or equivalent,66810.0,43-3051.00,Massachusetts,2024,2034,2025,2026-09-22,https://lmi.dua.eol.mass.gov/lmi/LongTermOccupationProjections/LTOPResultAll?A=01&GA=000025&Cmd=Go&Type=long&Dopt=CSV
43-3071,Tellers,Office & administration,6889.0,5570.0,-19.15,-1319.0,309.0,348.0,-132.0,525.0,High school diploma or equivalent,46850.0,43-3071.00,Massachusetts,2024,2034,2025,2026-09-22,https://lmi.dua.eol.mass.gov/lmi/LongTermOccupationProjections/LTOPResultAll?A=01&GA=000025&Cmd=Go&Type=long&Dopt=CSV
43-3099,"Financial Clerks, All Other",Office & administration,686.0,671.0,-2.19,-15.0,26.0,42.0,-2.0,66.0,High school diploma or equivalent,60830.0,,Massachusetts,2024,2034,2025,2026-09-22,https://lmi.dua.eol.mass.gov/lmi/LongTermOccupationProjections/LTOPResultAll?A=01&GA=000025&Cmd=Go&Type=long&Dopt=CSV
43-4011,Brokerage Clerks,Office & administration,946.0,827.0,-12.58,-119.0,51.0,52.0,-12.0,91.0,High school diploma or equivalent,70350.0,43-4011.00,Massachusetts,2024,2034,2025,2026-09-22,https://lmi.dua.eol.mass.gov/lmi/LongTermOccupationProjections/LTOPResultAll?A=01&GA=000025&Cmd=Go&Type=long&Dopt=CSV
43-4031,"Court, Municipal, and License Clerks",Office & administration,2771.0,2927.0,5.63,156.0,132.0,147.0,16.0,295.0,High school diploma or equivalent,64540.0,43-4031.00,Massachusetts,2024,2034,2025,2026-09-22,https://lmi.dua.eol.mass.gov/lmi/LongTermOccupationProjections/LTOPResultAll?A=01&GA=000025&Cmd=Go&Type=long&Dopt=CSV
43-4041,"Credit Authorizers, Checkers, and Clerks",Office & administration,172.0,159.0,-7.56,-13.0,7.0,8.0,-1.0,14.0,High school diploma or equivalent,60740.0,43-4041.00,Massachusetts,2024,2034,2025,2026-09-22,https://lmi.dua.eol.mass.gov/lmi/LongTermOccupationProjections/LTOPResultAll?A=01&GA=000025&Cmd=Go&Type=long&Dopt=CSV
43-4051,Customer Service Representatives,Office & administration,55046.0,51435.0,-6.56,-3611.0,2999.0,3947.0,-361.0,6585.0,High school diploma or equivalent,52750.0,43-4051.00,Massachusetts,2024,2034,2025,2026-09-22,https://lmi.dua.eol.mass.gov/lmi/LongTermOccupationProjections/LTOPResultAll?A=01&GA=000025&Cmd=Go&Type=long&Dopt=CSV
43-4061,"Eligibility Interviewers, Government Programs",Office & administration,1846.0,1921.0,4.06,75.0,71.0,84.0,8.0,163.0,High school diploma or equivalent,63090.0,43-4061.00,Massachusetts,2024,2034,2025,2026-09-22,https://lmi.dua.eol.mass.gov/lmi/LongTermOccupationProjections/LTOPResultAll?A=01&GA=000025&Cmd=Go&Type=long&Dopt=CSV
43-4071,File Clerks,Office & administration,820.0,729.0,-11.1,-91.0,42.0,44.0,-9.0,77.0,High school diploma or equivalent,51290.0,43-4071.00,Massachusetts,2024,2034,2025,2026-09-22,https://lmi.dua.eol.mass.gov/lmi/LongTermOccupationProjections/LTOPResultAll?A=01&GA=000025&Cmd=Go&Type=long&Dopt=CSV
43-4081,"Hotel, Motel, and Resort Desk Clerks",Office & administration,4137.0,4339.0,4.88,202.0,276.0,396.0,20.0,692.0,High school diploma or equivalent,42190.0,43-4081.00,Massachusetts,2024,2034,2025,2026-09-22,https://lmi.dua.eol.mass.gov/lmi/LongTermOccupationProjections/LTOPResultAll?A=01&GA=000025&Cmd=Go&Type=long&Dopt=CSV
43-4111,"Interviewers, Except Eligibility and Loan",Office & administration,3052.0,2625.0,-13.99,-427.0,155.0,171.0,-43.0,283.0,High school diploma or equivalent,53790.0,43-4111.00,Massachusetts,2024,2034,2025,2026-09-22,https://lmi.dua.eol.mass.gov/lmi/LongTermOccupationProjections/LTOPResultAll?A=01&GA=000025&Cmd=Go&Type=long&Dopt=CSV
43-4121,"Library Assistants, Clerical",Office & administration,2729.0,2553.0,-6.45,-176.0,232.0,201.0,-18.0,415.0,High school diploma or equivalent,44860.0,43-4121.00,Massachusetts,2024,2034,2025,2026-09-22,https://lmi.dua.eol.mass.gov/lmi/LongTermOccupationProjections/LTOPResultAll?A=01&GA=000025&Cmd=Go&Type=long&Dopt=CSV
43-4131,Loan Interviewers and Clerks,Office & administration,2705.0,2447.0,-9.54,-258.0,82.0,120.0,-26.0,176.0,High school diploma or equivalent,56810.0,43-4131.00,Massachusetts,2024,2034,2025,2026-09-22,https://lmi.dua.eol.mass.gov/lmi/LongTermOccupationProjections/LTOPResultAll?A=01&GA=000025&Cmd=Go&Type=long&Dopt=CSV
43-4151,Order Clerks,Office & administration,1233.0,1045.0,-15.25,-188.0,58.0,75.0,-19.0,114.0,"Some college, no degree",56920.0,43-4151.00,Massachusetts,2024,2034,2025,2026-09-22,https://lmi.dua.eol.mass.gov/lmi/LongTermOccupationProjections/LTOPResultAll?A=01&GA=000025&Cmd=Go&Type=long&Dopt=CSV
43-4161,"Human Resources Assistants, Except Payroll and Timekeeping",Office & administration,961.0,904.0,-5.93,-57.0,40.0,58.0,-6.0,92.0,Associate's degree,56100.0,43-4161.00,Massachusetts,2024,2034,2025,2026-09-22,https://lmi.dua.eol.mass.gov/lmi/LongTermOccupationProjections/LTOPResultAll?A=01&GA=000025&Cmd=Go&Type=long&Dopt=CSV
43-4171,Receptionists and Information Clerks,Office & administration,22421.0,22029.0,-1.75,-392.0,1348.0,1486.0,-39.0,2795.0,High school diploma or equivalent,43950.0,43-4171.00,Massachusetts,2024,2034,2025,2026-09-22,https://lmi.dua.eol.mass.gov/lmi/LongTermOccupationProjections/LTOPResultAll?A=01&GA=000025&Cmd=Go&Type=long&Dopt=CSV
43-4181,Reservation and Transportation Ticket Agents and Travel Cler,Office & administration,1241.0,1291.0,4.03,50.0,57.0,76.0,5.0,138.0,High school diploma or equivalent,48060.0,43-4181.00,Massachusetts,2024,2034,2025,2026-09-22,https://lmi.dua.eol.mass.gov/lmi/LongTermOccupationProjections/LTOPResultAll?A=01&GA=000025&Cmd=Go&Type=long&Dopt=CSV
43-4199,"Information and Record Clerks, All Other",Office & administration,1243.0,1271.0,2.25,28.0,73.0,74.0,3.0,150.0,High school diploma or equivalent,47620.0,,Massachusetts,2024,2034,2025,2026-09-22,https://lmi.dua.eol.mass.gov/lmi/LongTermOccupationProjections/LTOPResultAll?A=01&GA=000025&Cmd=Go&Type=long&Dopt=CSV
43-5011,Cargo and Freight Agents,Office & administration,642.0,719.0,11.99,77.0,18.0,33.0,8.0,59.0,High school diploma or equivalent,61210.0,43-5011.00,Massachusetts,2024,2034,2025,2026-09-22,https://lmi.dua.eol.mass.gov/lmi/LongTermOccupationProjections/LTOPResultAll?A=01&GA=000025&Cmd=Go&Type=long&Dopt=CSV
43-5021,Couriers and Messengers,Office & administration,4009.0,4547.0,13.42,538.0,201.0,230.0,54.0,485.0,High school diploma or equivalent,44040.0,43-5021.00,Massachusetts,2024,2034,2025,2026-09-22,https://lmi.dua.eol.mass.gov/lmi/LongTermOccupationProjections/LTOPResultAll?A=01&GA=000025&Cmd=Go&Type=long&Dopt=CSV
43-5031,Public Safety Telecommunicators,Office & administration,2996.0,3120.0,4.14,124.0,133.0,163.0,12.0,308.0,High school diploma or equivalent,62680.0,43-5031.00,Massachusetts,2024,2034,2025,2026-09-22,https://lmi.dua.eol.mass.gov/lmi/LongTermOccupationProjections/LTOPResultAll?A=01&GA=000025&Cmd=Go&Type=long&Dopt=CSV
43-5032,"Dispatchers, Except Police, Fire, and Ambulance",Office & administration,2841.0,2911.0,2.46,70.0,100.0,147.0,7.0,254.0,High school diploma or equivalent,60350.0,43-5032.00,Massachusetts,2024,2034,2025,2026-09-22,https://lmi.dua.eol.mass.gov/lmi/LongTermOccupationProjections/LTOPResultAll?A=01&GA=000025&Cmd=Go&Type=long&Dopt=CSV
43-5041,"Meter Readers, Utilities",Office & administration,390.0,361.0,-7.44,-29.0,15.0,16.0,-3.0,28.0,High school diploma or equivalent,61110.0,43-5041.00,Massachusetts,2024,2034,2025,2026-09-22,https://lmi.dua.eol.mass.gov/lmi/LongTermOccupationProjections/LTOPResultAll?A=01&GA=000025&Cmd=Go&Type=long&Dopt=CSV
43-5051,Postal Service Clerks,Office & administration,2945.0,2923.0,-0.75,-22.0,148.0,110.0,-2.0,256.0,No formal educational credential,63550.0,43-5051.00,Massachusetts,2024,2034,2025,2026-09-22,https://lmi.dua.eol.mass.gov/lmi/LongTermOccupationProjections/LTOPResultAll?A=01&GA=000025&Cmd=Go&Type=long&Dopt=CSV
43-5052,Postal Service Mail Carriers,Office & administration,11980.0,11893.0,-0.73,-87.0,407.0,421.0,-9.0,819.0,No formal educational credential,64500.0,43-5052.00,Massachusetts,2024,2034,2025,2026-09-22,https://lmi.dua.eol.mass.gov/lmi/LongTermOccupationProjections/LTOPResultAll?A=01&GA=000025&Cmd=Go&Type=long&Dopt=CSV
43-5053,"Postal Service Mail Sorters, Processors, and Processing Mach",Office & administration,4341.0,4099.0,-5.57,-242.0,191.0,168.0,-24.0,335.0,No formal educational credential,60320.0,43-5053.00,Massachusetts,2024,2034,2025,2026-09-22,https://lmi.dua.eol.mass.gov/lmi/LongTermOccupationProjections/LTOPResultAll?A=01&GA=000025&Cmd=Go&Type=long&Dopt=CSV
43-5061,"Production, Planning, and Expediting Clerks",Office & administration,6265.0,6200.0,-1.04,-65.0,208.0,355.0,-6.0,557.0,High school diploma or equivalent,61670.0,43-5061.00,Massachusetts,2024,2034,2025,2026-09-22,https://lmi.dua.eol.mass.gov/lmi/LongTermOccupationProjections/LTOPResultAll?A=01&GA=000025&Cmd=Go&Type=long&Dopt=CSV
43-5071,"Shipping, Receiving, and Inventory Clerks",Office & administration,15785.0,15215.0,-3.61,-570.0,576.0,844.0,-57.0,1363.0,High school diploma or equivalent,52560.0,43-5071.00,Massachusetts,2024,2034,2025,2026-09-22,https://lmi.dua.eol.mass.gov/lmi/LongTermOccupationProjections/LTOPResultAll?A=01&GA=000025&Cmd=Go&Type=long&Dopt=CSV
43-5111,"Weighers, Measurers, Checkers, and Samplers, Recordkeeping",Office & administration,892.0,973.0,9.08,81.0,47.0,59.0,8.0,114.0,High school diploma or equivalent,49120.0,43-5111.00,Massachusetts,2024,2034,2025,2026-09-22,https://lmi.dua.eol.mass.gov/lmi/LongTermOccupationProjections/LTOPResultAll?A=01&GA=000025&Cmd=Go&Type=long&Dopt=CSV
43-6011,Executive Secretaries and Executive Administrative Assistant,Office & administration,16809.0,16428.0,-2.27,-381.0,759.0,932.0,-38.0,1653.0,High school diploma or equivalent,87060.0,43-6011.00,Massachusetts,2024,2034,2025,2026-09-22,https://lmi.dua.eol.mass.gov/lmi/LongTermOccupationProjections/LTOPResultAll?A=01&GA=000025&Cmd=Go&Type=long&Dopt=CSV
43-6012,Legal Secretaries and Administrative Assistants,Office & administration,3979.0,3542.0,-10.98,-437.0,312.0,196.0,-44.0,464.0,High school diploma or equivalent,66460.0,43-6012.00,Massachusetts,2024,2034,2025,2026-09-22,https://lmi.dua.eol.mass.gov/lmi/LongTermOccupationProjections/LTOPResultAll?A=01&GA=000025&Cmd=Go&Type=long&Dopt=CSV
43-6013,Medical Secretaries and Administrative Assistants,Office & administration,22402.0,22452.0,0.22,50.0,1026.0,1103.0,5.0,2134.0,High school diploma or equivalent,52910.0,43-6013.00,Massachusetts,2024,2034,2025,2026-09-22,https://lmi.dua.eol.mass.gov/lmi/LongTermOccupationProjections/LTOPResultAll?A=01&GA=000025&Cmd=Go&Type=long&Dopt=CSV
43-6014,"Secretaries and Administrative Assistants, Except Legal, Med",Office & administration,35079.0,34517.0,-1.6,-562.0,1972.0,1742.0,-56.0,3658.0,High school diploma or equivalent,58380.0,43-6014.00,Massachusetts,2024,2034,2025,2026-09-22,https://lmi.dua.eol.mass.gov/lmi/LongTermOccupationProjections/LTOPResultAll?A=01&GA=000025&Cmd=Go&Type=long&Dopt=CSV
43-9021,Data Entry Keyers,Office & administration,1890.0,1375.0,-27.25,-515.0,77.0,98.0,-52.0,123.0,High school diploma or equivalent,46880.0,43-9021.00,Massachusetts,2024,2034,2025,2026-09-22,https://lmi.dua.eol.mass.gov/lmi/LongTermOccupationProjections/LTOPResultAll?A=01&GA=000025&Cmd=Go&Type=long&Dopt=CSV
43-9022,Word Processors and Typists,Office & administration,351.0,230.0,-34.47,-121.0,18.0,15.0,-12.0,21.0,High school diploma or equivalent,54540.0,43-9022.00,Massachusetts,2024,2034,2025,2026-09-22,https://lmi.dua.eol.mass.gov/lmi/LongTermOccupationProjections/LTOPResultAll?A=01&GA=000025&Cmd=Go&Type=long&Dopt=CSV
43-9031,Desktop Publishers,Office & administration,162.0,166.0,2.47,4.0,7.0,10.0,0.0,17.0,Associate's degree,65980.0,43-9031.00,Massachusetts,2024,2034,2025,2026-09-22,https://lmi.dua.eol.mass.gov/lmi/LongTermOccupationProjections/LTOPResultAll?A=01&GA=000025&Cmd=Go&Type=long&Dopt=CSV
43-9041,Insurance Claims and Policy Processing Clerks,Office & administration,5127.0,4547.0,-11.31,-580.0,182.0,226.0,-58.0,350.0,High school diploma or equivalent,55540.0,43-9041.00,Massachusetts,2024,2034,2025,2026-09-22,https://lmi.dua.eol.mass.gov/lmi/LongTermOccupationProjections/LTOPResultAll?A=01&GA=000025&Cmd=Go&Type=long&Dopt=CSV
43-9051,"Mail Clerks and Mail Machine Operators, Except Postal Servic",Office & administration,1366.0,1295.0,-5.2,-71.0,77.0,74.0,-7.0,144.0,High school diploma or equivalent,50660.0,43-9051.00,Massachusetts,2024,2034,2025,2026-09-22,https://lmi.dua.eol.mass.gov/lmi/LongTermOccupationProjections/LTOPResultAll?A=01&GA=000025&Cmd=Go&Type=long&Dopt=CSV
43-9061,"Office Clerks, General",Office & administration,49959.0,46783.0,-6.36,-3176.0,2831.0,2847.0,-318.0,5360.0,High school diploma or equivalent,51980.0,43-9061.00,Massachusetts,2024,2034,2025,2026-09-22,https://lmi.dua.eol.mass.gov/lmi/LongTermOccupationProjections/LTOPResultAll?A=01&GA=000025&Cmd=Go&Type=long&Dopt=CSV
43-9071,"Office Machine Operators, Except Computer",Office & administration,241.0,200.0,-17.01,-41.0,14.0,17.0,-4.0,27.0,High school diploma or equivalent,49080.0,43-9071.00,Massachusetts,2024,2034,2025,2026-09-22,https://lmi.dua.eol.mass.gov/lmi/LongTermOccupationProjections/LTOPResultAll?A=01&GA=000025&Cmd=Go&Type=long&Dopt=CSV
43-9199,"Office and Administrative Support Workers, All Other",Office & administration,759.0,698.0,-8.04,-61.0,32.0,44.0,-6.0,70.0,High school diploma or equivalent,51280.0,,Massachusetts,2024,2034,2025,2026-09-22,https://lmi.dua.eol.mass.gov/lmi/LongTermOccupationProjections/LTOPResultAll?A=01&GA=000025&Cmd=Go&Type=long&Dopt=CSV
45-1011,"First-Line Supervisors of Farming, Fishing, and Forestry Wor",Farming & fishing,909.0,975.0,7.26,66.0,49.0,70.0,7.0,126.0,High school diploma or equivalent,63020.0,45-1011.00,Massachusetts,2024,2034,2025,2026-09-22,https://lmi.dua.eol.mass.gov/lmi/LongTermOccupationProjections/LTOPResultAll?A=01&GA=000025&Cmd=Go&Type=long&Dopt=CSV
45-2041,"Graders and Sorters, Agricultural Products",Farming & fishing,204.0,219.0,7.35,15.0,14.0,16.0,2.0,32.0,No formal educational credential,38880.0,45-2041.00,Massachusetts,2024,2034,2025,2026-09-22,https://lmi.dua.eol.mass.gov/lmi/LongTermOccupationProjections/LTOPResultAll?A=01&GA=000025&Cmd=Go&Type=long&Dopt=CSV
45-2091,Agricultural Equipment Operators,Farming & fishing,466.0,555.0,19.1,89.0,34.0,41.0,9.0,84.0,No formal educational credential,47670.0,45-2091.00,Massachusetts,2024,2034,2025,2026-09-22,https://lmi.dua.eol.mass.gov/lmi/LongTermOccupationProjections/LTOPResultAll?A=01&GA=000025&Cmd=Go&Type=long&Dopt=CSV
45-2092,"Farmworkers and Laborers, Crop, Nursery, and Greenhouse",Farming & fishing,5474.0,5685.0,3.85,211.0,375.0,449.0,21.0,845.0,No formal educational credential,41480.0,45-2092.00,Massachusetts,2024,2034,2025,2026-09-22,https://lmi.dua.eol.mass.gov/lmi/LongTermOccupationProjections/LTOPResultAll?A=01&GA=000025&Cmd=Go&Type=long&Dopt=CSV
45-2093,"Farmworkers, Farm, Ranch, and Aquacultural Animals",Farming & fishing,1242.0,1266.0,1.93,24.0,84.0,101.0,2.0,187.0,No formal educational credential,42500.0,45-2093.00,Massachusetts,2024,2034,2025,2026-09-22,https://lmi.dua.eol.mass.gov/lmi/LongTermOccupationProjections/LTOPResultAll?A=01&GA=000025&Cmd=Go&Type=long&Dopt=CSV
47-1011,First-Line Supervisors of Construction Trades and Extraction,Construction,22288.0,24046.0,7.89,1758.0,732.0,969.0,176.0,1877.0,High school diploma or equivalent,100030.0,47-1011.00,Massachusetts,2024,2034,2025,2026-09-22,https://lmi.dua.eol.mass.gov/lmi/LongTermOccupationProjections/LTOPResultAll?A=01&GA=000025&Cmd=Go&Type=long&Dopt=CSV
47-2021,Brickmasons and Blockmasons,Construction,1578.0,1662.0,5.32,84.0,46.0,70.0,8.0,124.0,High school diploma or equivalent,99860.0,47-2021.00,Massachusetts,2024,2034,2025,2026-09-22,https://lmi.dua.eol.mass.gov/lmi/LongTermOccupationProjections/LTOPResultAll?A=01&GA=000025&Cmd=Go&Type=long&Dopt=CSV
47-2022,Stonemasons,Construction,761.0,750.0,-1.45,-11.0,21.0,32.0,-1.0,52.0,High school diploma or equivalent,75840.0,47-2022.00,Massachusetts,2024,2034,2025,2026-09-22,https://lmi.dua.eol.mass.gov/lmi/LongTermOccupationProjections/LTOPResultAll?A=01&GA=000025&Cmd=Go&Type=long&Dopt=CSV
47-2031,Carpenters,Construction,25670.0,27289.0,6.31,1619.0,752.0,1132.0,162.0,2046.0,High school diploma or equivalent,79680.0,47-2031.00,Massachusetts,2024,2034,2025,2026-09-22,https://lmi.dua.eol.mass.gov/lmi/LongTermOccupationProjections/LTOPResultAll?A=01&GA=000025&Cmd=Go&Type=long&Dopt=CSV
47-2042,"Floor Layers, Except Carpet, Wood, and Hard Tiles",Construction,1240.0,1380.0,11.29,140.0,37.0,51.0,14.0,102.0,No formal educational credential,87300.0,47-2042.00,Massachusetts,2024,2034,2025,2026-09-22,https://lmi.dua.eol.mass.gov/lmi/LongTermOccupationProjections/LTOPResultAll?A=01&GA=000025&Cmd=Go&Type=long&Dopt=CSV
47-2051,Cement Masons and Concrete Finishers,Construction,1672.0,1721.0,2.93,49.0,42.0,71.0,5.0,118.0,No formal educational credential,72720.0,47-2051.00,Massachusetts,2024,2034,2025,2026-09-22,https://lmi.dua.eol.mass.gov/lmi/LongTermOccupationProjections/LTOPResultAll?A=01&GA=000025&Cmd=Go&Type=long&Dopt=CSV
47-2061,Construction Laborers,Construction,22428.0,24569.0,9.55,2141.0,755.0,1093.0,214.0,2062.0,No formal educational credential,70830.0,47-2061.00,Massachusetts,2024,2034,2025,2026-09-22,https://lmi.dua.eol.mass.gov/lmi/LongTermOccupationProjections/LTOPResultAll?A=01&GA=000025&Cmd=Go&Type=long&Dopt=CSV
47-2071,"Paving, Surfacing, and Tamping Equipment Operators",Construction,1048.0,1111.0,6.01,63.0,36.0,51.0,6.0,93.0,High school diploma or equivalent,64620.0,47-2071.00,Massachusetts,2024,2034,2025,2026-09-22,https://lmi.dua.eol.mass.gov/lmi/LongTermOccupationProjections/LTOPResultAll?A=01&GA=000025&Cmd=Go&Type=long&Dopt=CSV
47-2072,Pile Driver Operators,Construction,220.0,236.0,7.27,16.0,8.0,11.0,2.0,21.0,High school diploma or equivalent,112680.0,47-2072.00,Massachusetts,2024,2034,2025,2026-09-22,https://lmi.dua.eol.mass.gov/lmi/LongTermOccupationProjections/LTOPResultAll?A=01&GA=000025&Cmd=Go&Type=long&Dopt=CSV
47-2073,Operating Engineers and Other Construction Equipment Operato,Construction,10364.0,11012.0,6.25,648.0,358.0,503.0,65.0,926.0,High school diploma or equivalent,84730.0,47-2073.00,Massachusetts,2024,2034,2025,2026-09-22,https://lmi.dua.eol.mass.gov/lmi/LongTermOccupationProjections/LTOPResultAll?A=01&GA=000025&Cmd=Go&Type=long&Dopt=CSV
47-2081,Drywall and Ceiling Tile Installers,Construction,1078.0,1142.0,5.94,64.0,31.0,46.0,6.0,83.0,No formal educational credential,68220.0,47-2081.00,Massachusetts,2024,2034,2025,2026-09-22,https://lmi.dua.eol.mass.gov/lmi/LongTermOccupationProjections/LTOPResultAll?A=01&GA=000025&Cmd=Go&Type=long&Dopt=CSV
47-2082,Tapers,Construction,350.0,356.0,1.71,6.0,10.0,15.0,1.0,26.0,No formal educational credential,73580.0,47-2082.00,Massachusetts,2024,2034,2025,2026-09-22,https://lmi.dua.eol.mass.gov/lmi/LongTermOccupationProjections/LTOPResultAll?A=01&GA=000025&Cmd=Go&Type=long&Dopt=CSV
47-2111,Electricians,Construction,17571.0,19612.0,11.62,2041.0,586.0,1002.0,204.0,1792.0,High school diploma or equivalent,81560.0,47-2111.00,Massachusetts,2024,2034,2025,2026-09-22,https://lmi.dua.eol.mass.gov/lmi/LongTermOccupationProjections/LTOPResultAll?A=01&GA=000025&Cmd=Go&Type=long&Dopt=CSV
47-2121,Glaziers,Construction,1638.0,1718.0,4.88,80.0,60.0,73.0,8.0,141.0,High school diploma or equivalent,90890.0,47-2121.00,Massachusetts,2024,2034,2025,2026-09-22,https://lmi.dua.eol.mass.gov/lmi/LongTermOccupationProjections/LTOPResultAll?A=01&GA=000025&Cmd=Go&Type=long&Dopt=CSV
47-2131,"Insulation Workers, Floor, Ceiling, and Wall",Construction,842.0,887.0,5.34,45.0,25.0,44.0,4.0,73.0,No formal educational credential,52420.0,47-2131.00,Massachusetts,2024,2034,2025,2026-09-22,https://lmi.dua.eol.mass.gov/lmi/LongTermOccupationProjections/LTOPResultAll?A=01&GA=000025&Cmd=Go&Type=long&Dopt=CSV
47-2132,"Insulation Workers, Mechanical",Construction,931.0,994.0,6.77,63.0,27.0,49.0,6.0,82.0,High school diploma or equivalent,66620.0,47-2132.00,Massachusetts,2024,2034,2025,2026-09-22,https://lmi.dua.eol.mass.gov/lmi/LongTermOccupationProjections/LTOPResultAll?A=01&GA=000025&Cmd=Go&Type=long&Dopt=CSV
47-2141,"Painters, Construction and Maintenance",Construction,7159.0,7551.0,5.48,392.0,262.0,302.0,39.0,603.0,No formal educational credential,64080.0,47-2141.00,Massachusetts,2024,2034,2025,2026-09-22,https://lmi.dua.eol.mass.gov/lmi/LongTermOccupationProjections/LTOPResultAll?A=01&GA=000025&Cmd=Go&Type=long&Dopt=CSV
47-2151,Pipelayers,Construction,123.0,121.0,-1.63,-2.0,3.0,6.0,0.0,9.0,No formal educational credential,72760.0,47-2151.00,Massachusetts,2024,2034,2025,2026-09-22,https://lmi.dua.eol.mass.gov/lmi/LongTermOccupationProjections/LTOPResultAll?A=01&GA=000025&Cmd=Go&Type=long&Dopt=CSV
47-2152,"Plumbers, Pipefitters, and Steamfitters",Construction,16646.0,17733.0,6.53,1087.0,524.0,866.0,109.0,1499.0,High school diploma or equivalent,90410.0,47-2152.00,Massachusetts,2024,2034,2025,2026-09-22,https://lmi.dua.eol.mass.gov/lmi/LongTermOccupationProjections/LTOPResultAll?A=01&GA=000025&Cmd=Go&Type=long&Dopt=CSV
47-2161,Plasterers and Stucco Masons,Construction,168.0,179.0,6.55,11.0,6.0,7.0,1.0,14.0,No formal educational credential,,47-2161.00,Massachusetts,2024,2034,2025,2026-09-22,https://lmi.dua.eol.mass.gov/lmi/LongTermOccupationProjections/LTOPResultAll?A=01&GA=000025&Cmd=Go&Type=long&Dopt=CSV
47-2181,Roofers,Construction,2631.0,2833.0,7.68,202.0,65.0,121.0,20.0,206.0,No formal educational credential,72990.0,47-2181.00,Massachusetts,2024,2034,2025,2026-09-22,https://lmi.dua.eol.mass.gov/lmi/LongTermOccupationProjections/LTOPResultAll?A=01&GA=000025&Cmd=Go&Type=long&Dopt=CSV
47-2221,Structural Iron and Steel Workers,Construction,2147.0,2278.0,6.1,131.0,59.0,113.0,13.0,185.0,High school diploma or equivalent,113290.0,47-2221.00,Massachusetts,2024,2034,2025,2026-09-22,https://lmi.dua.eol.mass.gov/lmi/LongTermOccupationProjections/LTOPResultAll?A=01&GA=000025&Cmd=Go&Type=long&Dopt=CSV
47-3013,Helpers--Electricians,Construction,1033.0,1044.0,1.06,11.0,34.0,71.0,1.0,106.0,High school diploma or equivalent,49700.0,47-3013.00,Massachusetts,2024,2034,2025,2026-09-22,https://lmi.dua.eol.mass.gov/lmi/LongTermOccupationProjections/LTOPResultAll?A=01&GA=000025&Cmd=Go&Type=long&Dopt=CSV
47-3019,"Helpers, Construction Trades, All Other",Construction,176.0,183.0,3.98,7.0,6.0,12.0,1.0,19.0,No formal educational credential,46960.0,,Massachusetts,2024,2034,2025,2026-09-22,https://lmi.dua.eol.mass.gov/lmi/LongTermOccupationProjections/LTOPResultAll?A=01&GA=000025&Cmd=Go&Type=long&Dopt=CSV
47-4011,Construction and Building Inspectors,Construction,4293.0,4248.0,-1.05,-45.0,241.0,192.0,-4.0,429.0,High school diploma or equivalent,86940.0,47-4011.00,Massachusetts,2024,2034,2025,2026-09-22,https://lmi.dua.eol.mass.gov/lmi/LongTermOccupationProjections/LTOPResultAll?A=01&GA=000025&Cmd=Go&Type=long&Dopt=CSV
47-4021,Elevator and Escalator Installers and Repairers,Construction,488.0,523.0,7.17,35.0,14.0,25.0,4.0,43.0,High school diploma or equivalent,123100.0,47-4021.00,Massachusetts,2024,2034,2025,2026-09-22,https://lmi.dua.eol.mass.gov/lmi/LongTermOccupationProjections/LTOPResultAll?A=01&GA=000025&Cmd=Go&Type=long&Dopt=CSV
47-4041,Hazardous Materials Removal Workers,Construction,2528.0,2552.0,0.95,24.0,114.0,129.0,2.0,245.0,High school diploma or equivalent,52820.0,47-4041.00,Massachusetts,2024,2034,2025,2026-09-22,https://lmi.dua.eol.mass.gov/lmi/LongTermOccupationProjections/LTOPResultAll?A=01&GA=000025&Cmd=Go&Type=long&Dopt=CSV
47-4051,Highway Maintenance Workers,Construction,1928.0,2022.0,4.88,94.0,62.0,83.0,9.0,154.0,High school diploma or equivalent,61800.0,47-4051.00,Massachusetts,2024,2034,2025,2026-09-22,https://lmi.dua.eol.mass.gov/lmi/LongTermOccupationProjections/LTOPResultAll?A=01&GA=000025&Cmd=Go&Type=long&Dopt=CSV
47-4071,Septic Tank Servicers and Sewer Pipe Cleaners,Construction,477.0,521.0,9.22,44.0,15.0,26.0,4.0,45.0,High school diploma or equivalent,56940.0,47-4071.00,Massachusetts,2024,2034,2025,2026-09-22,https://lmi.dua.eol.mass.gov/lmi/LongTermOccupationProjections/LTOPResultAll?A=01&GA=000025&Cmd=Go&Type=long&Dopt=CSV
47-4090,Miscellaneous Construction and Related Workers,Construction,900.0,943.0,4.78,43.0,28.0,48.0,4.0,80.0,High school diploma or equivalent,73700.0,,Massachusetts,2024,2034,2025,2026-09-22,https://lmi.dua.eol.mass.gov/lmi/LongTermOccupationProjections/LTOPResultAll?A=01&GA=000025&Cmd=Go&Type=long&Dopt=CSV
47-5022,"Excavating and Loading Machine and Dragline Operators, Surfa",Construction,198.0,206.0,4.04,8.0,6.0,11.0,1.0,18.0,High school diploma or equivalent,75540.0,47-5022.00,Massachusetts,2024,2034,2025,2026-09-22,https://lmi.dua.eol.mass.gov/lmi/LongTermOccupationProjections/LTOPResultAll?A=01&GA=000025&Cmd=Go&Type=long&Dopt=CSV
47-5023,"Earth Drillers, Except Oil and Gas",Construction,153.0,173.0,13.07,20.0,5.0,9.0,2.0,16.0,High school diploma or equivalent,67750.0,47-5023.00,Massachusetts,2024,2034,2025,2026-09-22,https://lmi.dua.eol.mass.gov/lmi/LongTermOccupationProjections/LTOPResultAll?A=01&GA=000025&Cmd=Go&Type=long&Dopt=CSV
49-1011,"First-Line Supervisors of Mechanics, Installers, and Repaire",Installation & repair,12658.0,13301.0,5.08,643.0,452.0,593.0,64.0,1109.0,High school diploma or equivalent,92890.0,49-1011.00,Massachusetts,2024,2034,2025,2026-09-22,https://lmi.dua.eol.mass.gov/lmi/LongTermOccupationProjections/LTOPResultAll?A=01&GA=000025&Cmd=Go&Type=long&Dopt=CSV
49-2011,"Computer, Automated Teller, and Office Machine Repairers",Installation & repair,1229.0,1211.0,-1.46,-18.0,43.0,76.0,-2.0,117.0,"Some college, no degree",57900.0,49-2011.00,Massachusetts,2024,2034,2025,2026-09-22,https://lmi.dua.eol.mass.gov/lmi/LongTermOccupationProjections/LTOPResultAll?A=01&GA=000025&Cmd=Go&Type=long&Dopt=CSV
49-2021,"Radio, Cellular, and Tower Equipment Installers and Repairer",Installation & repair,349.0,419.0,20.06,70.0,12.0,22.0,7.0,41.0,Associate's degree,66990.0,49-2021.00,Massachusetts,2024,2034,2025,2026-09-22,https://lmi.dua.eol.mass.gov/lmi/LongTermOccupationProjections/LTOPResultAll?A=01&GA=000025&Cmd=Go&Type=long&Dopt=CSV
49-2092,"Electric Motor, Power Tool, and Related Repairers",Installation & repair,372.0,382.0,2.69,10.0,19.0,17.0,1.0,37.0,High school diploma or equivalent,70670.0,49-2092.00,Massachusetts,2024,2034,2025,2026-09-22,https://lmi.dua.eol.mass.gov/lmi/LongTermOccupationProjections/LTOPResultAll?A=01&GA=000025&Cmd=Go&Type=long&Dopt=CSV
49-2094,"Electrical and Electronics Repairers, Commercial and Industr",Installation & repair,756.0,746.0,-1.32,-10.0,22.0,36.0,-1.0,57.0,Postsecondary non-degree award,79300.0,49-2094.00,Massachusetts,2024,2034,2025,2026-09-22,https://lmi.dua.eol.mass.gov/lmi/LongTermOccupationProjections/LTOPResultAll?A=01&GA=000025&Cmd=Go&Type=long&Dopt=CSV
49-2095,"Electrical and Electronics Repairers, Powerhouse, Substation",Installation & repair,356.0,399.0,12.08,43.0,11.0,18.0,4.0,33.0,Postsecondary non-degree award,111350.0,49-2095.00,Massachusetts,2024,2034,2025,2026-09-22,https://lmi.dua.eol.mass.gov/lmi/LongTermOccupationProjections/LTOPResultAll?A=01&GA=000025&Cmd=Go&Type=long&Dopt=CSV
49-2098,Security and Fire Alarm Systems Installers,Installation & repair,2595.0,2723.0,4.93,128.0,85.0,164.0,13.0,262.0,High school diploma or equivalent,78560.0,49-2098.00,Massachusetts,2024,2034,2025,2026-09-22,https://lmi.dua.eol.mass.gov/lmi/LongTermOccupationProjections/LTOPResultAll?A=01&GA=000025&Cmd=Go&Type=long&Dopt=CSV
49-3011,Aircraft Mechanics and Service Technicians,Installation & repair,1564.0,1666.0,6.52,102.0,46.0,77.0,10.0,133.0,Postsecondary non-degree award,96210.0,49-3011.00,Massachusetts,2024,2034,2025,2026-09-22,https://lmi.dua.eol.mass.gov/lmi/LongTermOccupationProjections/LTOPResultAll?A=01&GA=000025&Cmd=Go&Type=long&Dopt=CSV
49-3021,Automotive Body and Related Repairers,Installation & repair,2945.0,3041.0,3.26,96.0,113.0,133.0,10.0,256.0,High school diploma or equivalent,59290.0,49-3021.00,Massachusetts,2024,2034,2025,2026-09-22,https://lmi.dua.eol.mass.gov/lmi/LongTermOccupationProjections/LTOPResultAll?A=01&GA=000025&Cmd=Go&Type=long&Dopt=CSV
49-3022,Automotive Glass Installers and Repairers,Installation & repair,236.0,244.0,3.39,8.0,6.0,10.0,1.0,17.0,High school diploma or equivalent,56560.0,49-3022.00,Massachusetts,2024,2034,2025,2026-09-22,https://lmi.dua.eol.mass.gov/lmi/LongTermOccupationProjections/LTOPResultAll?A=01&GA=000025&Cmd=Go&Type=long&Dopt=CSV
49-3023,Automotive Service Technicians and Mechanics,Installation & repair,14467.0,15285.0,5.65,818.0,476.0,728.0,82.0,1286.0,Postsecondary non-degree award,62960.0,49-3023.00,Massachusetts,2024,2034,2025,2026-09-22,https://lmi.dua.eol.mass.gov/lmi/LongTermOccupationProjections/LTOPResultAll?A=01&GA=000025&Cmd=Go&Type=long&Dopt=CSV
49-3031,Bus and Truck Mechanics and Diesel Engine Specialists,Installation & repair,5102.0,5363.0,5.12,261.0,172.0,244.0,26.0,442.0,High school diploma or equivalent,73640.0,49-3031.00,Massachusetts,2024,2034,2025,2026-09-22,https://lmi.dua.eol.mass.gov/lmi/LongTermOccupationProjections/LTOPResultAll?A=01&GA=000025&Cmd=Go&Type=long&Dopt=CSV
49-3042,"Mobile Heavy Equipment Mechanics, Except Engines",Installation & repair,2277.0,2389.0,4.92,112.0,69.0,117.0,11.0,197.0,High school diploma or equivalent,80190.0,49-3042.00,Massachusetts,2024,2034,2025,2026-09-22,https://lmi.dua.eol.mass.gov/lmi/LongTermOccupationProjections/LTOPResultAll?A=01&GA=000025&Cmd=Go&Type=long&Dopt=CSV
49-3043,Rail Car Repairers,Installation & repair,475.0,506.0,6.53,31.0,14.0,25.0,3.0,42.0,High school diploma or equivalent,101040.0,49-3043.00,Massachusetts,2024,2034,2025,2026-09-22,https://lmi.dua.eol.mass.gov/lmi/LongTermOccupationProjections/LTOPResultAll?A=01&GA=000025&Cmd=Go&Type=long&Dopt=CSV
49-3051,Motorboat Mechanics and Service Technicians,Installation & repair,828.0,892.0,7.73,64.0,39.0,40.0,6.0,85.0,High school diploma or equivalent,70900.0,49-3051.00,Massachusetts,2024,2034,2025,2026-09-22,https://lmi.dua.eol.mass.gov/lmi/LongTermOccupationProjections/LTOPResultAll?A=01&GA=000025&Cmd=Go&Type=long&Dopt=CSV
49-3053,Outdoor Power Equipment and Other Small Engine Mechanics,Installation & repair,433.0,446.0,3.0,13.0,20.0,20.0,1.0,41.0,High school diploma or equivalent,59070.0,49-3053.00,Massachusetts,2024,2034,2025,2026-09-22,https://lmi.dua.eol.mass.gov/lmi/LongTermOccupationProjections/LTOPResultAll?A=01&GA=000025&Cmd=Go&Type=long&Dopt=CSV
49-3091,Bicycle Repairers,Installation & repair,458.0,468.0,2.18,10.0,26.0,32.0,1.0,59.0,High school diploma or equivalent,42450.0,49-3091.00,Massachusetts,2024,2034,2025,2026-09-22,https://lmi.dua.eol.mass.gov/lmi/LongTermOccupationProjections/LTOPResultAll?A=01&GA=000025&Cmd=Go&Type=long&Dopt=CSV
49-3092,Recreational Vehicle Service Technicians,Installation & repair,410.0,448.0,9.27,38.0,24.0,30.0,4.0,58.0,High school diploma or equivalent,60180.0,49-3092.00,Massachusetts,2024,2034,2025,2026-09-22,https://lmi.dua.eol.mass.gov/lmi/LongTermOccupationProjections/LTOPResultAll?A=01&GA=000025&Cmd=Go&Type=long&Dopt=CSV
49-3093,Tire Repairers and Changers,Installation & repair,1126.0,1211.0,7.55,85.0,65.0,82.0,8.0,155.0,High school diploma or equivalent,38550.0,49-3093.00,Massachusetts,2024,2034,2025,2026-09-22,https://lmi.dua.eol.mass.gov/lmi/LongTermOccupationProjections/LTOPResultAll?A=01&GA=000025&Cmd=Go&Type=long&Dopt=CSV
49-9012,"Control and Valve Installers and Repairers, Except Mechanica",Installation & repair,1727.0,1810.0,4.81,83.0,60.0,81.0,8.0,149.0,High school diploma or equivalent,89360.0,49-9012.00,Massachusetts,2024,2034,2025,2026-09-22,https://lmi.dua.eol.mass.gov/lmi/LongTermOccupationProjections/LTOPResultAll?A=01&GA=000025&Cmd=Go&Type=long&Dopt=CSV
49-9021,"Heating, Air Conditioning, and Refrigeration Mechanics and I",Installation & repair,8215.0,9032.0,9.95,817.0,251.0,463.0,82.0,796.0,Postsecondary non-degree award,77760.0,49-9021.00,Massachusetts,2024,2034,2025,2026-09-22,https://lmi.dua.eol.mass.gov/lmi/LongTermOccupationProjections/LTOPResultAll?A=01&GA=000025&Cmd=Go&Type=long&Dopt=CSV
49-9031,Home Appliance Repairers,Installation & repair,805.0,833.0,3.48,28.0,31.0,34.0,3.0,68.0,High school diploma or equivalent,74410.0,49-9031.00,Massachusetts,2024,2034,2025,2026-09-22,https://lmi.dua.eol.mass.gov/lmi/LongTermOccupationProjections/LTOPResultAll?A=01&GA=000025&Cmd=Go&Type=long&Dopt=CSV
49-9041,Industrial Machinery Mechanics,Installation & repair,6315.0,7393.0,17.07,1078.0,262.0,296.0,108.0,666.0,High school diploma or equivalent,72660.0,49-9041.00,Massachusetts,2024,2034,2025,2026-09-22,https://lmi.dua.eol.mass.gov/lmi/LongTermOccupationProjections/LTOPResultAll?A=01&GA=000025&Cmd=Go&Type=long&Dopt=CSV
49-9043,"Maintenance Workers, Machinery",Installation & repair,321.0,329.0,2.49,8.0,15.0,14.0,1.0,30.0,High school diploma or equivalent,56930.0,49-9043.00,Massachusetts,2024,2034,2025,2026-09-22,https://lmi.dua.eol.mass.gov/lmi/LongTermOccupationProjections/LTOPResultAll?A=01&GA=000025&Cmd=Go&Type=long&Dopt=CSV
49-9051,Electrical Power-Line Installers and Repairers,Installation & repair,2524.0,2859.0,13.27,335.0,62.0,139.0,34.0,235.0,High school diploma or equivalent,108040.0,49-9051.00,Massachusetts,2024,2034,2025,2026-09-22,https://lmi.dua.eol.mass.gov/lmi/LongTermOccupationProjections/LTOPResultAll?A=01&GA=000025&Cmd=Go&Type=long&Dopt=CSV
49-9052,Telecommunications Line Installers and Repairers,Installation & repair,2332.0,2354.0,0.94,22.0,81.0,138.0,2.0,221.0,High school diploma or equivalent,91700.0,49-9052.00,Massachusetts,2024,2034,2025,2026-09-22,https://lmi.dua.eol.mass.gov/lmi/LongTermOccupationProjections/LTOPResultAll?A=01&GA=000025&Cmd=Go&Type=long&Dopt=CSV
49-9062,Medical Equipment Repairers,Installation & repair,1461.0,1583.0,8.35,122.0,60.0,75.0,12.0,147.0,Associate's degree,76500.0,49-9062.00,Massachusetts,2024,2034,2025,2026-09-22,https://lmi.dua.eol.mass.gov/lmi/LongTermOccupationProjections/LTOPResultAll?A=01&GA=000025&Cmd=Go&Type=long&Dopt=CSV
49-9071,"Maintenance and Repair Workers, General",Installation & repair,28554.0,30050.0,5.24,1496.0,1357.0,1353.0,150.0,2860.0,High school diploma or equivalent,58930.0,49-9071.00,Massachusetts,2024,2034,2025,2026-09-22,https://lmi.dua.eol.mass.gov/lmi/LongTermOccupationProjections/LTOPResultAll?A=01&GA=000025&Cmd=Go&Type=long&Dopt=CSV
49-9091,"Coin, Vending, and Amusement Machine Servicers and Repairers",Installation & repair,117.0,112.0,-4.27,-5.0,5.0,7.0,0.0,12.0,High school diploma or equivalent,60240.0,49-9091.00,Massachusetts,2024,2034,2025,2026-09-22,https://lmi.dua.eol.mass.gov/lmi/LongTermOccupationProjections/LTOPResultAll?A=01&GA=000025&Cmd=Go&Type=long&Dopt=CSV
49-9094,Locksmiths and Safe Repairers,Installation & repair,514.0,474.0,-7.78,-40.0,25.0,24.0,-4.0,45.0,High school diploma or equivalent,67510.0,49-9094.00,Massachusetts,2024,2034,2025,2026-09-22,https://lmi.dua.eol.mass.gov/lmi/LongTermOccupationProjections/LTOPResultAll?A=01&GA=000025&Cmd=Go&Type=long&Dopt=CSV
49-9096,Riggers,Installation & repair,269.0,280.0,4.09,11.0,9.0,18.0,1.0,28.0,High school diploma or equivalent,60780.0,49-9096.00,Massachusetts,2024,2034,2025,2026-09-22,https://lmi.dua.eol.mass.gov/lmi/LongTermOccupationProjections/LTOPResultAll?A=01&GA=000025&Cmd=Go&Type=long&Dopt=CSV
49-9098,"Helpers--Installation, Maintenance, and Repair Workers",Installation & repair,1533.0,1608.0,4.89,75.0,77.0,105.0,8.0,190.0,High school diploma or equivalent,44370.0,49-9098.00,Massachusetts,2024,2034,2025,2026-09-22,https://lmi.dua.eol.mass.gov/lmi/LongTermOccupationProjections/LTOPResultAll?A=01&GA=000025&Cmd=Go&Type=long&Dopt=CSV
49-9099,"Installation, Maintenance, and Repair Workers, All Other",Installation & repair,1784.0,1839.0,3.08,55.0,74.0,96.0,6.0,176.0,High school diploma or equivalent,63590.0,,Massachusetts,2024,2034,2025,2026-09-22,https://lmi.dua.eol.mass.gov/lmi/LongTermOccupationProjections/LTOPResultAll?A=01&GA=000025&Cmd=Go&Type=long&Dopt=CSV
51-1011,First-Line Supervisors of Production and Operating Workers,Production,13718.0,14208.0,3.57,490.0,498.0,830.0,49.0,1377.0,High school diploma or equivalent,83140.0,51-1011.00,Massachusetts,2024,2034,2025,2026-09-22,https://lmi.dua.eol.mass.gov/lmi/LongTermOccupationProjections/LTOPResultAll?A=01&GA=000025&Cmd=Go&Type=long&Dopt=CSV
51-2028,"Electrical, Electronic, and Electromechanical Assemblers, Ex",Production,10923.0,10640.0,-2.59,-283.0,520.0,624.0,-28.0,1116.0,High school diploma or equivalent,49620.0,,Massachusetts,2024,2034,2025,2026-09-22,https://lmi.dua.eol.mass.gov/lmi/LongTermOccupationProjections/LTOPResultAll?A=01&GA=000025&Cmd=Go&Type=long&Dopt=CSV
51-2031,Engine and Other Machine Assemblers,Production,201.0,171.0,-14.93,-30.0,6.0,13.0,-3.0,16.0,High school diploma or equivalent,53840.0,51-2031.00,Massachusetts,2024,2034,2025,2026-09-22,https://lmi.dua.eol.mass.gov/lmi/LongTermOccupationProjections/LTOPResultAll?A=01&GA=000025&Cmd=Go&Type=long&Dopt=CSV
51-2041,Structural Metal Fabricators and Fitters,Production,708.0,613.0,-13.42,-95.0,26.0,40.0,-10.0,56.0,High school diploma or equivalent,64790.0,51-2041.00,Massachusetts,2024,2034,2025,2026-09-22,https://lmi.dua.eol.mass.gov/lmi/LongTermOccupationProjections/LTOPResultAll?A=01&GA=000025&Cmd=Go&Type=long&Dopt=CSV
51-2051,Fiberglass Laminators and Fabricators,Production,255.0,266.0,4.31,11.0,11.0,16.0,1.0,28.0,High school diploma or equivalent,54270.0,51-2051.00,Massachusetts,2024,2034,2025,2026-09-22,https://lmi.dua.eol.mass.gov/lmi/LongTermOccupationProjections/LTOPResultAll?A=01&GA=000025&Cmd=Go&Type=long&Dopt=CSV
51-2090,Miscellaneous Assemblers and Fabricators,Production,11641.0,11877.0,2.03,236.0,508.0,746.0,24.0,1278.0,High school diploma or equivalent,47080.0,,Massachusetts,2024,2034,2025,2026-09-22,https://lmi.dua.eol.mass.gov/lmi/LongTermOccupationProjections/LTOPResultAll?A=01&GA=000025&Cmd=Go&Type=long&Dopt=CSV
51-3011,Bakers,Production,5569.0,6021.0,8.12,452.0,388.0,483.0,45.0,916.0,No formal educational credential,41280.0,51-3011.00,Massachusetts,2024,2034,2025,2026-09-22,https://lmi.dua.eol.mass.gov/lmi/LongTermOccupationProjections/LTOPResultAll?A=01&GA=000025&Cmd=Go&Type=long&Dopt=CSV
51-3021,Butchers and Meat Cutters,Production,1824.0,1869.0,2.47,45.0,85.0,130.0,4.0,219.0,No formal educational credential,49210.0,51-3021.00,Massachusetts,2024,2034,2025,2026-09-22,https://lmi.dua.eol.mass.gov/lmi/LongTermOccupationProjections/LTOPResultAll?A=01&GA=000025&Cmd=Go&Type=long&Dopt=CSV
51-3022,"Meat, Poultry, and Fish Cutters and Trimmers",Production,1690.0,1787.0,5.74,97.0,80.0,122.0,10.0,212.0,No formal educational credential,38570.0,51-3022.00,Massachusetts,2024,2034,2025,2026-09-22,https://lmi.dua.eol.mass.gov/lmi/LongTermOccupationProjections/LTOPResultAll?A=01&GA=000025&Cmd=Go&Type=long&Dopt=CSV
51-3023,Slaughterers and Meat Packers,Production,126.0,132.0,4.76,6.0,6.0,9.0,1.0,16.0,No formal educational credential,40680.0,51-3023.00,Massachusetts,2024,2034,2025,2026-09-22,https://lmi.dua.eol.mass.gov/lmi/LongTermOccupationProjections/LTOPResultAll?A=01&GA=000025&Cmd=Go&Type=long&Dopt=CSV
51-3091,"Food and Tobacco Roasting, Baking, and Drying Machine Operat",Production,257.0,265.0,3.11,8.0,10.0,20.0,1.0,31.0,No formal educational credential,46790.0,51-3091.00,Massachusetts,2024,2034,2025,2026-09-22,https://lmi.dua.eol.mass.gov/lmi/LongTermOccupationProjections/LTOPResultAll?A=01&GA=000025&Cmd=Go&Type=long&Dopt=CSV
51-3092,Food Batchmakers,Production,5728.0,6159.0,7.52,431.0,331.0,432.0,43.0,806.0,High school diploma or equivalent,38990.0,51-3092.00,Massachusetts,2024,2034,2025,2026-09-22,https://lmi.dua.eol.mass.gov/lmi/LongTermOccupationProjections/LTOPResultAll?A=01&GA=000025&Cmd=Go&Type=long&Dopt=CSV
51-3093,Food Cooking Machine Operators and Tenders,Production,485.0,499.0,2.89,14.0,33.0,40.0,1.0,74.0,High school diploma or equivalent,46640.0,51-3093.00,Massachusetts,2024,2034,2025,2026-09-22,https://lmi.dua.eol.mass.gov/lmi/LongTermOccupationProjections/LTOPResultAll?A=01&GA=000025&Cmd=Go&Type=long&Dopt=CSV
51-3099,"Food Processing Workers, All Other",Production,155.0,158.0,1.94,3.0,6.0,10.0,0.0,16.0,No formal educational credential,44320.0,,Massachusetts,2024,2034,2025,2026-09-22,https://lmi.dua.eol.mass.gov/lmi/LongTermOccupationProjections/LTOPResultAll?A=01&GA=000025&Cmd=Go&Type=long&Dopt=CSV
51-4021,"Extruding and Drawing Machine Setters, Operators, and Tender",Production,1829.0,1901.0,3.94,72.0,67.0,115.0,7.0,189.0,High school diploma or equivalent,52350.0,51-4021.00,Massachusetts,2024,2034,2025,2026-09-22,https://lmi.dua.eol.mass.gov/lmi/LongTermOccupationProjections/LTOPResultAll?A=01&GA=000025&Cmd=Go&Type=long&Dopt=CSV
51-4022,"Forging Machine Setters, Operators, and Tenders, Metal and P",Production,250.0,209.0,-16.4,-41.0,8.0,14.0,-4.0,18.0,High school diploma or equivalent,59820.0,51-4022.00,Massachusetts,2024,2034,2025,2026-09-22,https://lmi.dua.eol.mass.gov/lmi/LongTermOccupationProjections/LTOPResultAll?A=01&GA=000025&Cmd=Go&Type=long&Dopt=CSV
51-4023,"Rolling Machine Setters, Operators, and Tenders, Metal and P",Production,421.0,419.0,-0.48,-2.0,15.0,26.0,0.0,41.0,High school diploma or equivalent,50750.0,51-4023.00,Massachusetts,2024,2034,2025,2026-09-22,https://lmi.dua.eol.mass.gov/lmi/LongTermOccupationProjections/LTOPResultAll?A=01&GA=000025&Cmd=Go&Type=long&Dopt=CSV
51-4031,"Cutting, Punching, and Press Machine Setters, Operators, and",Production,3310.0,3041.0,-8.13,-269.0,143.0,177.0,-27.0,293.0,High school diploma or equivalent,49360.0,51-4031.00,Massachusetts,2024,2034,2025,2026-09-22,https://lmi.dua.eol.mass.gov/lmi/LongTermOccupationProjections/LTOPResultAll?A=01&GA=000025&Cmd=Go&Type=long&Dopt=CSV
51-4033,"Grinding, Lapping, Polishing, and Buffing Machine Tool Sette",Production,2299.0,2120.0,-7.79,-179.0,92.0,121.0,-18.0,195.0,High school diploma or equivalent,54320.0,51-4033.00,Massachusetts,2024,2034,2025,2026-09-22,https://lmi.dua.eol.mass.gov/lmi/LongTermOccupationProjections/LTOPResultAll?A=01&GA=000025&Cmd=Go&Type=long&Dopt=CSV
51-4034,"Lathe and Turning Machine Tool Setters, Operators, and Tende",Production,416.0,367.0,-11.78,-49.0,13.0,27.0,-5.0,35.0,High school diploma or equivalent,60670.0,51-4034.00,Massachusetts,2024,2034,2025,2026-09-22,https://lmi.dua.eol.mass.gov/lmi/LongTermOccupationProjections/LTOPResultAll?A=01&GA=000025&Cmd=Go&Type=long&Dopt=CSV
51-4035,"Milling and Planing Machine Setters, Operators, and Tenders,",Production,293.0,260.0,-11.26,-33.0,9.0,19.0,-3.0,25.0,High school diploma or equivalent,63800.0,51-4035.00,Massachusetts,2024,2034,2025,2026-09-22,https://lmi.dua.eol.mass.gov/lmi/LongTermOccupationProjections/LTOPResultAll?A=01&GA=000025&Cmd=Go&Type=long&Dopt=CSV
51-4041,Machinists,Production,7710.0,7879.0,2.19,169.0,320.0,446.0,17.0,783.0,High school diploma or equivalent,69390.0,51-4041.00,Massachusetts,2024,2034,2025,2026-09-22,https://lmi.dua.eol.mass.gov/lmi/LongTermOccupationProjections/LTOPResultAll?A=01&GA=000025&Cmd=Go&Type=long&Dopt=CSV
51-4051,Metal-Refining Furnace Operators and Tenders,Production,141.0,143.0,1.42,2.0,5.0,9.0,0.0,14.0,High school diploma or equivalent,57140.0,51-4051.00,Massachusetts,2024,2034,2025,2026-09-22,https://lmi.dua.eol.mass.gov/lmi/LongTermOccupationProjections/LTOPResultAll?A=01&GA=000025&Cmd=Go&Type=long&Dopt=CSV
51-4052,"Pourers and Casters, Metal",Production,122.0,128.0,4.92,6.0,5.0,8.0,1.0,14.0,High school diploma or equivalent,63350.0,51-4052.00,Massachusetts,2024,2034,2025,2026-09-22,https://lmi.dua.eol.mass.gov/lmi/LongTermOccupationProjections/LTOPResultAll?A=01&GA=000025&Cmd=Go&Type=long&Dopt=CSV
51-4061,"Model Makers, Metal and Plastic",Production,110.0,87.0,-20.91,-23.0,4.0,6.0,-2.0,8.0,High school diploma or equivalent,75160.0,51-4061.00,Massachusetts,2024,2034,2025,2026-09-22,https://lmi.dua.eol.mass.gov/lmi/LongTermOccupationProjections/LTOPResultAll?A=01&GA=000025&Cmd=Go&Type=long&Dopt=CSV
51-4071,Foundry Mold and Coremakers,Production,123.0,101.0,-17.89,-22.0,5.0,7.0,-2.0,10.0,High school diploma or equivalent,59070.0,51-4071.00,Massachusetts,2024,2034,2025,2026-09-22,https://lmi.dua.eol.mass.gov/lmi/LongTermOccupationProjections/LTOPResultAll?A=01&GA=000025&Cmd=Go&Type=long&Dopt=CSV
51-4072,"Molding, Coremaking, and Casting Machine Setters, Operators,",Production,4028.0,3932.0,-2.38,-96.0,174.0,258.0,-10.0,422.0,High school diploma or equivalent,44750.0,51-4072.00,Massachusetts,2024,2034,2025,2026-09-22,https://lmi.dua.eol.mass.gov/lmi/LongTermOccupationProjections/LTOPResultAll?A=01&GA=000025&Cmd=Go&Type=long&Dopt=CSV
51-4081,"Multiple Machine Tool Setters, Operators, and Tenders, Metal",Production,1572.0,1595.0,1.46,23.0,61.0,95.0,2.0,158.0,High school diploma or equivalent,51570.0,51-4081.00,Massachusetts,2024,2034,2025,2026-09-22,https://lmi.dua.eol.mass.gov/lmi/LongTermOccupationProjections/LTOPResultAll?A=01&GA=000025&Cmd=Go&Type=long&Dopt=CSV
51-4111,Tool and Die Makers,Production,942.0,872.0,-7.43,-70.0,42.0,50.0,-7.0,85.0,Postsecondary non-degree award,68680.0,51-4111.00,Massachusetts,2024,2034,2025,2026-09-22,https://lmi.dua.eol.mass.gov/lmi/LongTermOccupationProjections/LTOPResultAll?A=01&GA=000025&Cmd=Go&Type=long&Dopt=CSV
51-4121,"Welders, Cutters, Solderers, and Brazers",Production,3204.0,3338.0,4.18,134.0,99.0,217.0,13.0,329.0,High school diploma or equivalent,65050.0,51-4121.00,Massachusetts,2024,2034,2025,2026-09-22,https://lmi.dua.eol.mass.gov/lmi/LongTermOccupationProjections/LTOPResultAll?A=01&GA=000025&Cmd=Go&Type=long&Dopt=CSV
51-4122,"Welding, Soldering, and Brazing Machine Setters, Operators, ",Production,753.0,702.0,-6.77,-51.0,22.0,48.0,-5.0,65.0,High school diploma or equivalent,51550.0,51-4122.00,Massachusetts,2024,2034,2025,2026-09-22,https://lmi.dua.eol.mass.gov/lmi/LongTermOccupationProjections/LTOPResultAll?A=01&GA=000025&Cmd=Go&Type=long&Dopt=CSV
51-4191,"Heat Treating Equipment Setters, Operators, and Tenders, Met",Production,186.0,163.0,-12.37,-23.0,7.0,10.0,-2.0,15.0,High school diploma or equivalent,57430.0,51-4191.00,Massachusetts,2024,2034,2025,2026-09-22,https://lmi.dua.eol.mass.gov/lmi/LongTermOccupationProjections/LTOPResultAll?A=01&GA=000025&Cmd=Go&Type=long&Dopt=CSV
51-4192,"Layout Workers, Metal and Plastic",Production,105.0,99.0,-5.71,-6.0,4.0,6.0,-1.0,9.0,High school diploma or equivalent,63350.0,51-4192.00,Massachusetts,2024,2034,2025,2026-09-22,https://lmi.dua.eol.mass.gov/lmi/LongTermOccupationProjections/LTOPResultAll?A=01&GA=000025&Cmd=Go&Type=long&Dopt=CSV
51-4193,"Plating Machine Setters, Operators, and Tenders, Metal and P",Production,1016.0,913.0,-10.14,-103.0,37.0,58.0,-10.0,85.0,High school diploma or equivalent,45930.0,51-4193.00,Massachusetts,2024,2034,2025,2026-09-22,https://lmi.dua.eol.mass.gov/lmi/LongTermOccupationProjections/LTOPResultAll?A=01&GA=000025&Cmd=Go&Type=long&Dopt=CSV
51-5111,Prepress Technicians and Workers,Production,644.0,594.0,-7.76,-50.0,34.0,47.0,-5.0,76.0,Postsecondary non-degree award,58340.0,51-5111.00,Massachusetts,2024,2034,2025,2026-09-22,https://lmi.dua.eol.mass.gov/lmi/LongTermOccupationProjections/LTOPResultAll?A=01&GA=000025&Cmd=Go&Type=long&Dopt=CSV
51-5112,Printing Press Operators,Production,2471.0,2524.0,2.14,53.0,108.0,151.0,5.0,264.0,High school diploma or equivalent,55430.0,51-5112.00,Massachusetts,2024,2034,2025,2026-09-22,https://lmi.dua.eol.mass.gov/lmi/LongTermOccupationProjections/LTOPResultAll?A=01&GA=000025&Cmd=Go&Type=long&Dopt=CSV
51-5113,Print Binding and Finishing Workers,Production,740.0,702.0,-5.14,-38.0,33.0,41.0,-4.0,70.0,High school diploma or equivalent,46540.0,51-5113.00,Massachusetts,2024,2034,2025,2026-09-22,https://lmi.dua.eol.mass.gov/lmi/LongTermOccupationProjections/LTOPResultAll?A=01&GA=000025&Cmd=Go&Type=long&Dopt=CSV
51-6011,Laundry and Dry-Cleaning Workers,Production,3790.0,3985.0,5.15,195.0,322.0,254.0,20.0,596.0,No formal educational credential,38160.0,51-6011.00,Massachusetts,2024,2034,2025,2026-09-22,https://lmi.dua.eol.mass.gov/lmi/LongTermOccupationProjections/LTOPResultAll?A=01&GA=000025&Cmd=Go&Type=long&Dopt=CSV
51-6021,"Pressers, Textile, Garment, and Related Materials",Production,588.0,496.0,-15.65,-92.0,36.0,28.0,-9.0,55.0,No formal educational credential,37280.0,51-6021.00,Massachusetts,2024,2034,2025,2026-09-22,https://lmi.dua.eol.mass.gov/lmi/LongTermOccupationProjections/LTOPResultAll?A=01&GA=000025&Cmd=Go&Type=long&Dopt=CSV
51-6031,Sewing Machine Operators,Production,2339.0,2378.0,1.67,39.0,163.0,125.0,4.0,292.0,No formal educational credential,42850.0,51-6031.00,Massachusetts,2024,2034,2025,2026-09-22,https://lmi.dua.eol.mass.gov/lmi/LongTermOccupationProjections/LTOPResultAll?A=01&GA=000025&Cmd=Go&Type=long&Dopt=CSV
51-6041,Shoe and Leather Workers and Repairers,Production,643.0,663.0,3.11,20.0,30.0,36.0,2.0,68.0,High school diploma or equivalent,47220.0,51-6041.00,Massachusetts,2024,2034,2025,2026-09-22,https://lmi.dua.eol.mass.gov/lmi/LongTermOccupationProjections/LTOPResultAll?A=01&GA=000025&Cmd=Go&Type=long&Dopt=CSV
51-6051,"Sewers, Hand",Production,140.0,148.0,5.71,8.0,12.0,8.0,1.0,21.0,No formal educational credential,38760.0,51-6051.00,Massachusetts,2024,2034,2025,2026-09-22,https://lmi.dua.eol.mass.gov/lmi/LongTermOccupationProjections/LTOPResultAll?A=01&GA=000025&Cmd=Go&Type=long&Dopt=CSV
51-6052,"Tailors, Dressmakers, and Custom Sewers",Production,1135.0,1162.0,2.38,27.0,92.0,63.0,3.0,158.0,No formal educational credential,51890.0,51-6052.00,Massachusetts,2024,2034,2025,2026-09-22,https://lmi.dua.eol.mass.gov/lmi/LongTermOccupationProjections/LTOPResultAll?A=01&GA=000025&Cmd=Go&Type=long&Dopt=CSV
51-6061,Textile Bleaching and Dyeing Machine Operators and Tenders,Production,164.0,166.0,1.22,2.0,9.0,12.0,0.0,21.0,High school diploma or equivalent,,51-6061.00,Massachusetts,2024,2034,2025,2026-09-22,https://lmi.dua.eol.mass.gov/lmi/LongTermOccupationProjections/LTOPResultAll?A=01&GA=000025&Cmd=Go&Type=long&Dopt=CSV
51-6062,"Textile Cutting Machine Setters, Operators, and Tenders",Production,195.0,187.0,-4.1,-8.0,11.0,14.0,-1.0,24.0,High school diploma or equivalent,43880.0,51-6062.00,Massachusetts,2024,2034,2025,2026-09-22,https://lmi.dua.eol.mass.gov/lmi/LongTermOccupationProjections/LTOPResultAll?A=01&GA=000025&Cmd=Go&Type=long&Dopt=CSV
51-6063,"Textile Knitting and Weaving Machine Setters, Operators, and",Production,162.0,165.0,1.85,3.0,9.0,12.0,0.0,21.0,High school diploma or equivalent,45760.0,51-6063.00,Massachusetts,2024,2034,2025,2026-09-22,https://lmi.dua.eol.mass.gov/lmi/LongTermOccupationProjections/LTOPResultAll?A=01&GA=000025&Cmd=Go&Type=long&Dopt=CSV
51-6064,"Textile Winding, Twisting, and Drawing Out Machine Setters, ",Production,173.0,175.0,1.16,2.0,10.0,13.0,0.0,23.0,High school diploma or equivalent,41220.0,51-6064.00,Massachusetts,2024,2034,2025,2026-09-22,https://lmi.dua.eol.mass.gov/lmi/LongTermOccupationProjections/LTOPResultAll?A=01&GA=000025&Cmd=Go&Type=long&Dopt=CSV
51-6093,Upholsterers,Production,219.0,227.0,3.65,8.0,12.0,10.0,1.0,23.0,High school diploma or equivalent,54170.0,51-6093.00,Massachusetts,2024,2034,2025,2026-09-22,https://lmi.dua.eol.mass.gov/lmi/LongTermOccupationProjections/LTOPResultAll?A=01&GA=000025&Cmd=Go&Type=long&Dopt=CSV
51-6099,"Textile, Apparel, and Furnishings Workers, All Other",Production,123.0,125.0,1.63,2.0,9.0,8.0,0.0,17.0,High school diploma or equivalent,47040.0,,Massachusetts,2024,2034,2025,2026-09-22,https://lmi.dua.eol.mass.gov/lmi/LongTermOccupationProjections/LTOPResultAll?A=01&GA=000025&Cmd=Go&Type=long&Dopt=CSV
51-7011,Cabinetmakers and Bench Carpenters,Production,1620.0,1639.0,1.17,19.0,70.0,88.0,2.0,160.0,High school diploma or equivalent,58350.0,51-7011.00,Massachusetts,2024,2034,2025,2026-09-22,https://lmi.dua.eol.mass.gov/lmi/LongTermOccupationProjections/LTOPResultAll?A=01&GA=000025&Cmd=Go&Type=long&Dopt=CSV
51-7021,Furniture Finishers,Production,297.0,425.0,43.1,128.0,20.0,17.0,13.0,50.0,High school diploma or equivalent,57200.0,51-7021.00,Massachusetts,2024,2034,2025,2026-09-22,https://lmi.dua.eol.mass.gov/lmi/LongTermOccupationProjections/LTOPResultAll?A=01&GA=000025&Cmd=Go&Type=long&Dopt=CSV
51-7042,"Woodworking Machine Setters, Operators, and Tenders, Except ",Production,1125.0,1117.0,-0.71,-8.0,41.0,76.0,-1.0,116.0,High school diploma or equivalent,46170.0,51-7042.00,Massachusetts,2024,2034,2025,2026-09-22,https://lmi.dua.eol.mass.gov/lmi/LongTermOccupationProjections/LTOPResultAll?A=01&GA=000025&Cmd=Go&Type=long&Dopt=CSV
51-8012,Power Distributors and Dispatchers,Production,361.0,373.0,3.32,12.0,13.0,22.0,1.0,36.0,High school diploma or equivalent,118540.0,51-8012.00,Massachusetts,2024,2034,2025,2026-09-22,https://lmi.dua.eol.mass.gov/lmi/LongTermOccupationProjections/LTOPResultAll?A=01&GA=000025&Cmd=Go&Type=long&Dopt=CSV
51-8013,Power Plant Operators,Production,1052.0,1007.0,-4.28,-45.0,38.0,61.0,-4.0,95.0,High school diploma or equivalent,99500.0,51-8013.00,Massachusetts,2024,2034,2025,2026-09-22,https://lmi.dua.eol.mass.gov/lmi/LongTermOccupationProjections/LTOPResultAll?A=01&GA=000025&Cmd=Go&Type=long&Dopt=CSV
51-8021,Stationary Engineers and Boiler Operators,Production,586.0,608.0,3.75,22.0,26.0,39.0,2.0,67.0,High school diploma or equivalent,82450.0,51-8021.00,Massachusetts,2024,2034,2025,2026-09-22,https://lmi.dua.eol.mass.gov/lmi/LongTermOccupationProjections/LTOPResultAll?A=01&GA=000025&Cmd=Go&Type=long&Dopt=CSV
51-8031,Water and Wastewater Treatment Plant and System Operators,Production,2521.0,2393.0,-5.08,-128.0,81.0,140.0,-13.0,208.0,High school diploma or equivalent,69900.0,51-8031.00,Massachusetts,2024,2034,2025,2026-09-22,https://lmi.dua.eol.mass.gov/lmi/LongTermOccupationProjections/LTOPResultAll?A=01&GA=000025&Cmd=Go&Type=long&Dopt=CSV
51-8091,Chemical Plant and System Operators,Production,225.0,217.0,-3.56,-8.0,6.0,15.0,-1.0,20.0,High school diploma or equivalent,85260.0,51-8091.00,Massachusetts,2024,2034,2025,2026-09-22,https://lmi.dua.eol.mass.gov/lmi/LongTermOccupationProjections/LTOPResultAll?A=01&GA=000025&Cmd=Go&Type=long&Dopt=CSV
51-8092,Gas Plant Operators,Production,474.0,439.0,-7.38,-35.0,12.0,31.0,-4.0,39.0,High school diploma or equivalent,102210.0,51-8092.00,Massachusetts,2024,2034,2025,2026-09-22,https://lmi.dua.eol.mass.gov/lmi/LongTermOccupationProjections/LTOPResultAll?A=01&GA=000025&Cmd=Go&Type=long&Dopt=CSV
51-9011,Chemical Equipment Operators and Tenders,Production,2821.0,2909.0,3.12,88.0,89.0,216.0,9.0,314.0,High school diploma or equivalent,57580.0,51-9011.00,Massachusetts,2024,2034,2025,2026-09-22,https://lmi.dua.eol.mass.gov/lmi/LongTermOccupationProjections/LTOPResultAll?A=01&GA=000025&Cmd=Go&Type=long&Dopt=CSV
51-9012,"Separating, Filtering, Clarifying, Precipitating, and Still ",Production,692.0,630.0,-8.96,-62.0,21.0,50.0,-6.0,65.0,High school diploma or equivalent,54470.0,51-9012.00,Massachusetts,2024,2034,2025,2026-09-22,https://lmi.dua.eol.mass.gov/lmi/LongTermOccupationProjections/LTOPResultAll?A=01&GA=000025&Cmd=Go&Type=long&Dopt=CSV
51-9021,"Crushing, Grinding, and Polishing Machine Setters, Operators",Production,718.0,708.0,-1.39,-10.0,23.0,46.0,-1.0,68.0,High school diploma or equivalent,52020.0,51-9021.00,Massachusetts,2024,2034,2025,2026-09-22,https://lmi.dua.eol.mass.gov/lmi/LongTermOccupationProjections/LTOPResultAll?A=01&GA=000025&Cmd=Go&Type=long&Dopt=CSV
51-9022,"Grinding and Polishing Workers, Hand",Production,251.0,202.0,-19.52,-49.0,7.0,15.0,-5.0,17.0,No formal educational credential,45450.0,51-9022.00,Massachusetts,2024,2034,2025,2026-09-22,https://lmi.dua.eol.mass.gov/lmi/LongTermOccupationProjections/LTOPResultAll?A=01&GA=000025&Cmd=Go&Type=long&Dopt=CSV
51-9023,"Mixing and Blending Machine Setters, Operators, and Tenders",Production,457.0,438.0,-4.16,-19.0,15.0,29.0,-2.0,42.0,High school diploma or equivalent,58930.0,51-9023.00,Massachusetts,2024,2034,2025,2026-09-22,https://lmi.dua.eol.mass.gov/lmi/LongTermOccupationProjections/LTOPResultAll?A=01&GA=000025&Cmd=Go&Type=long&Dopt=CSV
51-9031,"Cutters and Trimmers, Hand",Production,124.0,107.0,-13.71,-17.0,6.0,7.0,-2.0,11.0,No formal educational credential,42310.0,51-9031.00,Massachusetts,2024,2034,2025,2026-09-22,https://lmi.dua.eol.mass.gov/lmi/LongTermOccupationProjections/LTOPResultAll?A=01&GA=000025&Cmd=Go&Type=long&Dopt=CSV
51-9032,"Cutting and Slicing Machine Setters, Operators, and Tenders",Production,832.0,875.0,5.17,43.0,45.0,51.0,4.0,100.0,High school diploma or equivalent,44920.0,51-9032.00,Massachusetts,2024,2034,2025,2026-09-22,https://lmi.dua.eol.mass.gov/lmi/LongTermOccupationProjections/LTOPResultAll?A=01&GA=000025&Cmd=Go&Type=long&Dopt=CSV
51-9041,"Extruding, Forming, Pressing, and Compacting Machine Setters",Production,1185.0,1219.0,2.87,34.0,31.0,75.0,3.0,109.0,High school diploma or equivalent,47900.0,51-9041.00,Massachusetts,2024,2034,2025,2026-09-22,https://lmi.dua.eol.mass.gov/lmi/LongTermOccupationProjections/LTOPResultAll?A=01&GA=000025&Cmd=Go&Type=long&Dopt=CSV
51-9051,"Furnace, Kiln, Oven, Drier, and Kettle Operators and Tenders",Production,132.0,138.0,4.55,6.0,6.0,9.0,1.0,16.0,High school diploma or equivalent,56400.0,51-9051.00,Massachusetts,2024,2034,2025,2026-09-22,https://lmi.dua.eol.mass.gov/lmi/LongTermOccupationProjections/LTOPResultAll?A=01&GA=000025&Cmd=Go&Type=long&Dopt=CSV
51-9061,"Inspectors, Testers, Sorters, Samplers, and Weighers",Production,10789.0,10919.0,1.2,130.0,505.0,764.0,13.0,1282.0,High school diploma or equivalent,56530.0,51-9061.00,Massachusetts,2024,2034,2025,2026-09-22,https://lmi.dua.eol.mass.gov/lmi/LongTermOccupationProjections/LTOPResultAll?A=01&GA=000025&Cmd=Go&Type=long&Dopt=CSV
51-9071,Jewelers and Precious Stone and Metal Workers,Production,828.0,832.0,0.48,4.0,54.0,47.0,0.0,101.0,High school diploma or equivalent,54890.0,51-9071.00,Massachusetts,2024,2034,2025,2026-09-22,https://lmi.dua.eol.mass.gov/lmi/LongTermOccupationProjections/LTOPResultAll?A=01&GA=000025&Cmd=Go&Type=long&Dopt=CSV
51-9081,Dental Laboratory Technicians,Production,295.0,284.0,-3.73,-11.0,15.0,19.0,-1.0,33.0,High school diploma or equivalent,70340.0,51-9081.00,Massachusetts,2024,2034,2025,2026-09-22,https://lmi.dua.eol.mass.gov/lmi/LongTermOccupationProjections/LTOPResultAll?A=01&GA=000025&Cmd=Go&Type=long&Dopt=CSV
51-9082,Medical Appliance Technicians,Production,329.0,342.0,3.95,13.0,18.0,22.0,1.0,41.0,High school diploma or equivalent,63420.0,51-9082.00,Massachusetts,2024,2034,2025,2026-09-22,https://lmi.dua.eol.mass.gov/lmi/LongTermOccupationProjections/LTOPResultAll?A=01&GA=000025&Cmd=Go&Type=long&Dopt=CSV
51-9111,Packaging and Filling Machine Operators and Tenders,Production,6011.0,6377.0,6.09,366.0,303.0,389.0,37.0,729.0,High school diploma or equivalent,43100.0,51-9111.00,Massachusetts,2024,2034,2025,2026-09-22,https://lmi.dua.eol.mass.gov/lmi/LongTermOccupationProjections/LTOPResultAll?A=01&GA=000025&Cmd=Go&Type=long&Dopt=CSV
51-9123,"Painting, Coating, and Decorating Workers",Production,262.0,268.0,2.29,6.0,9.0,16.0,1.0,26.0,No formal educational credential,53030.0,51-9123.00,Massachusetts,2024,2034,2025,2026-09-22,https://lmi.dua.eol.mass.gov/lmi/LongTermOccupationProjections/LTOPResultAll?A=01&GA=000025&Cmd=Go&Type=long&Dopt=CSV
51-9124,"Coating, Painting, and Spraying Machine Setters, Operators, ",Production,2650.0,2741.0,3.43,91.0,92.0,163.0,9.0,264.0,High school diploma or equivalent,54200.0,51-9124.00,Massachusetts,2024,2034,2025,2026-09-22,https://lmi.dua.eol.mass.gov/lmi/LongTermOccupationProjections/LTOPResultAll?A=01&GA=000025&Cmd=Go&Type=long&Dopt=CSV
51-9141,Semiconductor Processing Technicians,Production,1315.0,1340.0,1.9,25.0,52.0,90.0,2.0,144.0,High school diploma or equivalent,53450.0,51-9141.00,Massachusetts,2024,2034,2025,2026-09-22,https://lmi.dua.eol.mass.gov/lmi/LongTermOccupationProjections/LTOPResultAll?A=01&GA=000025&Cmd=Go&Type=long&Dopt=CSV
51-9161,Computer Numerically Controlled Tool Operators,Production,2425.0,2226.0,-8.21,-199.0,66.0,147.0,-20.0,193.0,High school diploma or equivalent,60840.0,51-9161.00,Massachusetts,2024,2034,2025,2026-09-22,https://lmi.dua.eol.mass.gov/lmi/LongTermOccupationProjections/LTOPResultAll?A=01&GA=000025&Cmd=Go&Type=long&Dopt=CSV
51-9162,Computer Numerically Controlled Tool Programmers,Production,671.0,775.0,15.5,104.0,20.0,46.0,10.0,76.0,Postsecondary non-degree award,80880.0,51-9162.00,Massachusetts,2024,2034,2025,2026-09-22,https://lmi.dua.eol.mass.gov/lmi/LongTermOccupationProjections/LTOPResultAll?A=01&GA=000025&Cmd=Go&Type=long&Dopt=CSV
51-9191,Adhesive Bonding Machine Operators and Tenders,Production,239.0,252.0,5.44,13.0,11.0,15.0,1.0,27.0,High school diploma or equivalent,41950.0,51-9191.00,Massachusetts,2024,2034,2025,2026-09-22,https://lmi.dua.eol.mass.gov/lmi/LongTermOccupationProjections/LTOPResultAll?A=01&GA=000025&Cmd=Go&Type=long&Dopt=CSV
51-9192,"Cleaning, Washing, and Metal Pickling Equipment Operators an",Production,226.0,234.0,3.54,8.0,9.0,16.0,1.0,26.0,High school diploma or equivalent,44910.0,51-9192.00,Massachusetts,2024,2034,2025,2026-09-22,https://lmi.dua.eol.mass.gov/lmi/LongTermOccupationProjections/LTOPResultAll?A=01&GA=000025&Cmd=Go&Type=long&Dopt=CSV
51-9194,Etchers and Engravers,Production,501.0,532.0,6.19,31.0,25.0,28.0,3.0,56.0,High school diploma or equivalent,51600.0,51-9194.00,Massachusetts,2024,2034,2025,2026-09-22,https://lmi.dua.eol.mass.gov/lmi/LongTermOccupationProjections/LTOPResultAll?A=01&GA=000025&Cmd=Go&Type=long&Dopt=CSV
51-9195,"Molders, Shapers, and Casters, Except Metal and Plastic",Production,1335.0,1424.0,6.67,89.0,86.0,81.0,9.0,176.0,High school diploma or equivalent,53630.0,51-9195.00,Massachusetts,2024,2034,2025,2026-09-22,https://lmi.dua.eol.mass.gov/lmi/LongTermOccupationProjections/LTOPResultAll?A=01&GA=000025&Cmd=Go&Type=long&Dopt=CSV
51-9196,"Paper Goods Machine Setters, Operators, and Tenders",Production,2164.0,2375.0,9.75,211.0,85.0,125.0,21.0,231.0,High school diploma or equivalent,52120.0,51-9196.00,Massachusetts,2024,2034,2025,2026-09-22,https://lmi.dua.eol.mass.gov/lmi/LongTermOccupationProjections/LTOPResultAll?A=01&GA=000025&Cmd=Go&Type=long&Dopt=CSV
51-9198,Helpers--Production Workers,Production,2148.0,1999.0,-6.94,-149.0,139.0,185.0,-15.0,309.0,High school diploma or equivalent,44300.0,51-9198.00,Massachusetts,2024,2034,2025,2026-09-22,https://lmi.dua.eol.mass.gov/lmi/LongTermOccupationProjections/LTOPResultAll?A=01&GA=000025&Cmd=Go&Type=long&Dopt=CSV
51-9199,"Production Workers, All Other",Production,3740.0,3677.0,-1.68,-63.0,146.0,250.0,-6.0,390.0,High school diploma or equivalent,48180.0,,Massachusetts,2024,2034,2025,2026-09-22,https://lmi.dua.eol.mass.gov/lmi/LongTermOccupationProjections/LTOPResultAll?A=01&GA=000025&Cmd=Go&Type=long&Dopt=CSV
53-1041,Aircraft Cargo Handling Supervisors,Transportation,189.0,228.0,20.63,39.0,7.0,13.0,4.0,24.0,High school diploma or equivalent,60990.0,53-1041.00,Massachusetts,2024,2034,2025,2026-09-22,https://lmi.dua.eol.mass.gov/lmi/LongTermOccupationProjections/LTOPResultAll?A=01&GA=000025&Cmd=Go&Type=long&Dopt=CSV
53-1047,FirstLine Supervisors of Transportation & Material Moving Wo,Transportation,10593.0,11645.0,9.93,1052.0,373.0,685.0,105.0,1163.0,High school diploma or equivalent,70350.0,,Massachusetts,2024,2034,2025,2026-09-22,https://lmi.dua.eol.mass.gov/lmi/LongTermOccupationProjections/LTOPResultAll?A=01&GA=000025&Cmd=Go&Type=long&Dopt=CSV
53-2012,Commercial Pilots,Transportation,320.0,337.0,5.31,17.0,13.0,24.0,2.0,39.0,Postsecondary non-degree award,,53-2012.00,Massachusetts,2024,2034,2025,2026-09-22,https://lmi.dua.eol.mass.gov/lmi/LongTermOccupationProjections/LTOPResultAll?A=01&GA=000025&Cmd=Go&Type=long&Dopt=CSV
53-2031,Flight Attendants,Transportation,3558.0,3921.0,10.2,363.0,241.0,267.0,36.0,544.0,High school diploma or equivalent,68670.0,53-2031.00,Massachusetts,2024,2034,2025,2026-09-22,https://lmi.dua.eol.mass.gov/lmi/LongTermOccupationProjections/LTOPResultAll?A=01&GA=000025&Cmd=Go&Type=long&Dopt=CSV
53-3031,Driver/Sales Workers,Transportation,5713.0,6122.0,7.16,409.0,260.0,333.0,41.0,634.0,High school diploma or equivalent,48280.0,53-3031.00,Massachusetts,2024,2034,2025,2026-09-22,https://lmi.dua.eol.mass.gov/lmi/LongTermOccupationProjections/LTOPResultAll?A=01&GA=000025&Cmd=Go&Type=long&Dopt=CSV
53-3032,Heavy and Tractor-Trailer Truck Drivers,Transportation,34602.0,37527.0,8.45,2925.0,1588.0,2030.0,292.0,3910.0,Postsecondary non-degree award,63570.0,53-3032.00,Massachusetts,2024,2034,2025,2026-09-22,https://lmi.dua.eol.mass.gov/lmi/LongTermOccupationProjections/LTOPResultAll?A=01&GA=000025&Cmd=Go&Type=long&Dopt=CSV
53-3033,Light Truck Drivers,Transportation,20873.0,23923.0,14.61,3050.0,986.0,1261.0,305.0,2552.0,High school diploma or equivalent,51410.0,53-3033.00,Massachusetts,2024,2034,2025,2026-09-22,https://lmi.dua.eol.mass.gov/lmi/LongTermOccupationProjections/LTOPResultAll?A=01&GA=000025&Cmd=Go&Type=long&Dopt=CSV
53-3051,"Bus Drivers, School",Transportation,10075.0,10810.0,7.3,735.0,1162.0,477.0,74.0,1713.0,High school diploma or equivalent,61210.0,53-3051.00,Massachusetts,2024,2034,2025,2026-09-22,https://lmi.dua.eol.mass.gov/lmi/LongTermOccupationProjections/LTOPResultAll?A=01&GA=000025&Cmd=Go&Type=long&Dopt=CSV
53-3052,"Bus Drivers, Transit and Intercity",Transportation,4268.0,4664.0,9.28,396.0,356.0,200.0,40.0,596.0,High school diploma or equivalent,70760.0,53-3052.00,Massachusetts,2024,2034,2025,2026-09-22,https://lmi.dua.eol.mass.gov/lmi/LongTermOccupationProjections/LTOPResultAll?A=01&GA=000025&Cmd=Go&Type=long&Dopt=CSV
53-3053,Shuttle Drivers and Chauffeurs,Transportation,10592.0,11826.0,11.65,1234.0,1008.0,531.0,123.0,1662.0,No formal educational credential,44420.0,53-3053.00,Massachusetts,2024,2034,2025,2026-09-22,https://lmi.dua.eol.mass.gov/lmi/LongTermOccupationProjections/LTOPResultAll?A=01&GA=000025&Cmd=Go&Type=long&Dopt=CSV
53-3054,Taxi Drivers,Transportation,3511.0,4125.0,17.49,614.0,184.0,176.0,61.0,421.0,No formal educational credential,35170.0,,Massachusetts,2024,2034,2025,2026-09-22,https://lmi.dua.eol.mass.gov/lmi/LongTermOccupationProjections/LTOPResultAll?A=01&GA=000025&Cmd=Go&Type=long&Dopt=CSV
53-4041,Subway and Streetcar Operators,Transportation,990.0,1057.0,6.77,67.0,34.0,61.0,7.0,102.0,High school diploma or equivalent,,53-4041.00,Massachusetts,2024,2034,2025,2026-09-22,https://lmi.dua.eol.mass.gov/lmi/LongTermOccupationProjections/LTOPResultAll?A=01&GA=000025&Cmd=Go&Type=long&Dopt=CSV
53-5011,Sailors and Marine Oilers,Transportation,274.0,306.0,11.68,32.0,12.0,21.0,3.0,36.0,No formal educational credential,50550.0,53-5011.00,Massachusetts,2024,2034,2025,2026-09-22,https://lmi.dua.eol.mass.gov/lmi/LongTermOccupationProjections/LTOPResultAll?A=01&GA=000025&Cmd=Go&Type=long&Dopt=CSV
53-5021,"Captains, Mates, and Pilots of Water Vessels",Transportation,661.0,727.0,9.98,66.0,32.0,41.0,7.0,80.0,Postsecondary non-degree award,85830.0,53-5021.00,Massachusetts,2024,2034,2025,2026-09-22,https://lmi.dua.eol.mass.gov/lmi/LongTermOccupationProjections/LTOPResultAll?A=01&GA=000025&Cmd=Go&Type=long&Dopt=CSV
53-6021,Parking Attendants,Transportation,3413.0,3510.0,2.84,97.0,179.0,275.0,10.0,464.0,No formal educational credential,38280.0,53-6021.00,Massachusetts,2024,2034,2025,2026-09-22,https://lmi.dua.eol.mass.gov/lmi/LongTermOccupationProjections/LTOPResultAll?A=01&GA=000025&Cmd=Go&Type=long&Dopt=CSV
53-6031,Automotive and Watercraft Service Attendants,Transportation,1849.0,1883.0,1.84,34.0,100.0,172.0,3.0,275.0,No formal educational credential,39110.0,53-6031.00,Massachusetts,2024,2034,2025,2026-09-22,https://lmi.dua.eol.mass.gov/lmi/LongTermOccupationProjections/LTOPResultAll?A=01&GA=000025&Cmd=Go&Type=long&Dopt=CSV
53-6032,Aircraft Service Attendants,Transportation,930.0,979.0,5.27,49.0,51.0,88.0,5.0,144.0,High school diploma or equivalent,46060.0,53-6032.00,Massachusetts,2024,2034,2025,2026-09-22,https://lmi.dua.eol.mass.gov/lmi/LongTermOccupationProjections/LTOPResultAll?A=01&GA=000025&Cmd=Go&Type=long&Dopt=CSV
53-6051,Transportation Inspectors,Transportation,536.0,564.0,5.22,28.0,24.0,29.0,3.0,56.0,High school diploma or equivalent,77420.0,53-6051.00,Massachusetts,2024,2034,2025,2026-09-22,https://lmi.dua.eol.mass.gov/lmi/LongTermOccupationProjections/LTOPResultAll?A=01&GA=000025&Cmd=Go&Type=long&Dopt=CSV
53-6061,Passenger Attendants,Transportation,977.0,1041.0,6.55,64.0,101.0,53.0,6.0,160.0,High school diploma or equivalent,42580.0,53-6061.00,Massachusetts,2024,2034,2025,2026-09-22,https://lmi.dua.eol.mass.gov/lmi/LongTermOccupationProjections/LTOPResultAll?A=01&GA=000025&Cmd=Go&Type=long&Dopt=CSV
53-7011,Conveyor Operators and Tenders,Transportation,137.0,157.0,14.6,20.0,6.0,8.0,2.0,16.0,No formal educational credential,42650.0,53-7011.00,Massachusetts,2024,2034,2025,2026-09-22,https://lmi.dua.eol.mass.gov/lmi/LongTermOccupationProjections/LTOPResultAll?A=01&GA=000025&Cmd=Go&Type=long&Dopt=CSV
53-7021,Crane and Tower Operators,Transportation,454.0,527.0,16.08,73.0,14.0,28.0,7.0,49.0,High school diploma or equivalent,100260.0,53-7021.00,Massachusetts,2024,2034,2025,2026-09-22,https://lmi.dua.eol.mass.gov/lmi/LongTermOccupationProjections/LTOPResultAll?A=01&GA=000025&Cmd=Go&Type=long&Dopt=CSV
53-7051,Industrial Truck and Tractor Operators,Transportation,9013.0,10970.0,21.71,1957.0,334.0,613.0,196.0,1143.0,No formal educational credential,48190.0,53-7051.00,Massachusetts,2024,2034,2025,2026-09-22,https://lmi.dua.eol.mass.gov/lmi/LongTermOccupationProjections/LTOPResultAll?A=01&GA=000025&Cmd=Go&Type=long&Dopt=CSV
53-7061,Cleaners of Vehicles and Equipment,Transportation,4673.0,4919.0,5.26,246.0,270.0,355.0,25.0,650.0,No formal educational credential,40520.0,53-7061.00,Massachusetts,2024,2034,2025,2026-09-22,https://lmi.dua.eol.mass.gov/lmi/LongTermOccupationProjections/LTOPResultAll?A=01&GA=000025&Cmd=Go&Type=long&Dopt=CSV
53-7062,"Laborers and Freight, Stock, and Material Movers, Hand",Transportation,36002.0,38620.0,7.27,2618.0,1861.0,2846.0,262.0,4969.0,No formal educational credential,45760.0,53-7062.00,Massachusetts,2024,2034,2025,2026-09-22,https://lmi.dua.eol.mass.gov/lmi/LongTermOccupationProjections/LTOPResultAll?A=01&GA=000025&Cmd=Go&Type=long&Dopt=CSV
53-7063,Machine Feeders and Offbearers,Transportation,296.0,258.0,-12.84,-38.0,14.0,19.0,-4.0,29.0,No formal educational credential,43270.0,53-7063.00,Massachusetts,2024,2034,2025,2026-09-22,https://lmi.dua.eol.mass.gov/lmi/LongTermOccupationProjections/LTOPResultAll?A=01&GA=000025&Cmd=Go&Type=long&Dopt=CSV
53-7064,"Packers and Packagers, Hand",Transportation,18557.0,17276.0,-6.9,-1281.0,1050.0,1352.0,-128.0,2274.0,No formal educational credential,36190.0,53-7064.00,Massachusetts,2024,2034,2025,2026-09-22,https://lmi.dua.eol.mass.gov/lmi/LongTermOccupationProjections/LTOPResultAll?A=01&GA=000025&Cmd=Go&Type=long&Dopt=CSV
53-7065,Stockers and Order Fillers,Transportation,48603.0,55263.0,13.7,6660.0,3454.0,4634.0,666.0,8754.0,No formal educational credential,40250.0,53-7065.00,Massachusetts,2024,2034,2025,2026-09-22,https://lmi.dua.eol.mass.gov/lmi/LongTermOccupationProjections/LTOPResultAll?A=01&GA=000025&Cmd=Go&Type=long&Dopt=CSV
53-7081,Refuse and Recyclable Material Collectors,Transportation,1212.0,1230.0,1.49,18.0,52.0,86.0,2.0,140.0,No formal educational credential,54230.0,53-7081.00,Massachusetts,2024,2034,2025,2026-09-22,https://lmi.dua.eol.mass.gov/lmi/LongTermOccupationProjections/LTOPResultAll?A=01&GA=000025&Cmd=Go&Type=long&Dopt=CSV
53-7121,"Tank Car, Truck, and Ship Loaders",Transportation,191.0,205.0,7.33,14.0,8.0,13.0,1.0,22.0,No formal educational credential,65670.0,53-7121.00,Massachusetts,2024,2034,2025,2026-09-22,https://lmi.dua.eol.mass.gov/lmi/LongTermOccupationProjections/LTOPResultAll?A=01&GA=000025&Cmd=Go&Type=long&Dopt=CSV
53-7199,"Material Moving Workers, All Other",Transportation,114.0,122.0,7.02,8.0,5.0,8.0,1.0,14.0,No formal educational credential,,,Massachusetts,2024,2034,2025,2026-09-22,https://lmi.dua.eol.mass.gov/lmi/LongTermOccupationProjections/LTOPResultAll?A=01&GA=000025&Cmd=Go&Type=long&Dopt=CSV
